,sentence,label
0,how about playing the song 'crazy for you',music
1,can you set the alarm to gradually increase the volume,alarm
2,let's enjoy some music,music
3,how to make a homemade fruit salad,other
4,instructions for assembling a model airplane,other
5,i always set an alarm to wake up before the sunrise,alarm
6,how to sew a button onto a shirt,other
7,please set the alarm for my early morning flight at 5:30 a.m,alarm
8,how to make a delicious homemade smoothie bowl,other
9,initiate playback of the 'smooth jazz' playlist,music
10,tips for training a new puppy,other
11,let's get into the groove with some taylor swift songs,music
12,tips for improving your leadership skills,other
13,techniques for improving your time management skills,other
14,what's the temperature like right now,weather
15,do i need extra skin protection from the sun today,weather
16,can we have some music? how about starting with 'rolling in the deep',music
17,tips for improving your negotiation skills,other
18,tips for improving your teamwork skills,other
19,can you help me set an alarm for my gym session tomorrow at 7 a.m,alarm
20,can you help me set an alarm for my gym session tomorrow at 6:30 a.m,alarm
21,it's time to jam out to some taylor swift music,music
22,techniques for improving your creativity skills,other
23,could you please set the alarm to go off at 9:15,alarm
24,tune in to some beats,music
25,commence playing the collection of smooth jazz songs,music
26,the song titled 'rolling in the deep',music
27,can you provide a detailed weather outlook for the next three days,weather
28,how to make a homemade smoothie bowl,other
29,let's hear some music,music
30,i need to set an alarm to remind me to take my allergy medication at 10 p.m,alarm
31,it would be great if we could listen to some of taylor swift's hits,music
32,has there been any hail reported recently,weather
33,can you set the alarm on my phone while i'm driving,alarm
34,how about we enjoy some taylor swift melodies,music
35,please set the alarm to ring in 20 minutes,alarm
36,can you provide me with the present temperature,weather
37,how many inches of precipitation have we received this month so far,weather
38,tips for improving your problem-solving skills,other
39,will there be any heatwaves or cold snaps coming up in [area],weather
40,"i'm in the mood for 'crazy for you', can you play it for me",music
41,the song i am interested in hearing is 'rolling in the deep',music
42,tips for improving your problem-solving skills,other
43,what is the wind speed and direction expected to be over the next ten days,weather
44,please set the alarm for the morning jog at 6:15,alarm
45,i have a craving for 'rolling in the deep',music
46,how to play a basic drum beat,other
47,activate the audio,music
48,would it be possible to listen to 'crazy for you' right now,music
49,let's kick off a playlist of taylor swift hits,music
50,how to make a refreshing homemade lemonade,other
51,i think some music would be nice,music
52,let's enjoy some melodies from taylor swift,music
53,can you set an alarm to remind me to stretch every hour during the workday,alarm
54,can you help me set an alarm on my phone for my important event tomorrow,alarm
55,techniques for improving your time management skills,other
56,can you help me set an alarm on my smartwatch for my doctor's appointment,alarm
57,"let's hear some music, how about starting with 'crazy for you'",music
58,let's hear some melodies,music
59,i need to set an alarm to remind me to take my vitamins,alarm
60,i need to set an alarm for my early morning run,alarm
61,please set my alarm for tomorrow at 6:45 a.m,alarm
62,how to make a homemade natural insect repellent,other
63,can you help me set an alarm for my online lecture,alarm
64,let's kick off some music,music
65,please set the alarm to go off at 7:45 a.m,alarm
66,can you suggest if i should wear a jacket based on tomorrow's weather,weather
67,instructions for assembling a model car,other
68,listen to some tunes,music
69,how to play a basic guitar solo,other
70,hear some harmonies,music
71,do i need to have an umbrella handy considering today's weather,weather
72,tips for improving your teamwork skills,other
73,instructions for assembling a model car,other
74,how is the weather tomorrow,weather
75,let's rock out to some music,music
76,could you recommend some chinese songs for me to listen to,music
77,could you provide me with the current outdoor temperature,weather
78,may i request that you play the track 'crazy for you',music
79,instructions for assembling a model train set,other
80,please set the alarm for my important phone call at 2 p.m,alarm
81,set an alarm to wake me up gently with a sunrise simulation,alarm
82,please set the alarm for my early morning flight at 4 a.m,alarm
83,what's the weather going to be like in the upcoming days,weather
84,what's the outlook for the next five days in terms of precipitation,weather
85,can you help me set an alarm on my smartwatch for my medication,alarm
86,i need to set an alarm for my morning meditation practice,alarm
87,what is the humidity level right now,weather
88,let's have some musical entertainment,music
89,put on some taylor swift jams,music
90,instructions for building a model airplane,other
91,how long will the heatwave last in the bay area,weather
92,can you help me set an alarm on my smart speaker for my morning playlist,alarm
93,"i'm in the mood for some taylor swift music, can you play it",music
94,how to play a basic ukulele melody,other
95,steps for troubleshooting a malfunctioning computer monitor,other
96,how to make a delicious homemade smoothie,other
97,i'm in the mood for some music that's making waves on the billboard list,music
98,are there any severe weather warnings in effect between noon and 6:00pm tomorrow,weather
99,can you set the alarm on my fitness tracker for my workout session,alarm
100,how to make a refreshing homemade lemonade,other
101,should i carry an umbrella considering the weather conditions today,weather
102,instructions for assembling a model car,other
103,instructions for building a model rocket,other
104,can you help me set an alarm for my online lecture tomorrow,alarm
105,techniques for improving your problem-solving skills,other
106,"i'm in the mood for 'rolling in the deep', could you start it",music
107,i usually set an alarm to wake up before the alarm clock rings in the morning,alarm
108,please inform me about the expected weather conditions at 3 p.m. tomorrow,weather
109,how to make a homemade smoothie bowl,other
110,put on some taylor swift tracks,music
111,steps for planting and maintaining a vegetable garden,other
112,let's listen to some music from taylor swift,music
113,tips for finding the perfect gift for someone,other
114,set an alarm to wake me up with a nature sound,alarm
115,i usually set my alarm to snooze a couple of times before getting up,alarm
116,how about we play some music,music
117,"play some tracks for me, please",music
118,"i would like to listen to some chinese music, can you suggest a playlist",music
119,do i need to bring an umbrella with me today,weather
120,instructions for assembling a model car,other
121,what's the weather going to be like this weekend,weather
122,can you give me the weather forecast for the next five days,weather
123,can you provide an update on the weather in rome,weather
124,would you mind putting on the 'crazy for you' album for me to hear,music
125,is there a heatwave warning for jerusalem,weather
126,tips for improving your leadership skills,other
127,please set the alarm for my important video call at 3 p.m,alarm
128,will i need an umbrella today,weather
129,can you set an alarm to remind me to stretch every hour during the workday,alarm
130,is it a good idea to visit an amusement park or outdoor festival today based on the weather,weather
131,i always set an alarm to wake up on time for work,alarm
132,i'm in the mood for some taylor swift songs,music
133,i always set an alarm to wake up early for special occasions,alarm
134,"queue up some taylor swift jams, please",music
135,how many layers should i put on for my run today based on the temperature outside,weather
136,is there a heatwave warning for phoenix this week,weather
137,let's turn up the volume and enjoy some taylor swift tunes,music
138,techniques for improving your time management skills,other
139,will there be any thunderstorms in colombia tonight,weather
140,"turn on the taylor swift playlist, please",music
141,can we have some music playing,music
142,techniques for improving your decision-making skills,other
143,could you please share the current temperature information,weather
144,steps to make a homemade face mask,other
145,can you tell me the current temperature outdoors,weather
146,is the weather conducive to have a barbecue or outdoor cookout today,weather
147,do you recommend antislip gear for my outdoor workout tomorrow morning,weather
148,what is the weather for the week,weather
149,what is the highest and lowest temperature recorded in this area so far this year,weather
150,could you put on 'rolling in the deep' for me,music
151,set the mood with some music,music
152,steps for properly cleaning and maintaining a laptop,other
153,how to make a homemade fruit smoothie,other
154,do you recommend to protect my eyes from the sun's harmful rays today,weather
155,could you please play some of taylor swift's tracks,music
156,how to make a homemade guacamole,other
157,will it be sunny or rainy for the next five days,weather
158,i need to set the alarm for my early morning workout,alarm
159,set an alarm to remind me to pick up the kids from school at 4 p.m,alarm
160,tell me what the weather will be like at 3 p.m. tomorrow,weather
161,can you recommend a list of popular chinese songs to listen to,music
162,techniques for improving your critical thinking skills,other
163,will there be any significant changes in weather patterns over the next two weeks,weather
164,can you provide me with the current temperature update,weather
165,set an alarm for 12 minutes to remind me to check the pasta,alarm
166,the famous track called 'rolling in the deep',music
167,are there any weather warnings or alerts in effect for the area,weather
168,"i'm in the mood for some tunes, could you play the 'crazy for you' album",music
169,tell me today's weather,weather
170,can you help me set an alarm for my yoga class at 6:30,alarm
171,steps for properly cleaning and maintaining a camera lens,other
172,could you provide information on the air quality index for the region i am in right now,weather
173,it would be helpful to have information about the weather during the evening,weather
174,the record labeled as 'rolling in the deep',music
175,instructions for building a model rocket,other
176,please set the alarm for my early morning flight at 6:15 a.m,alarm
177,will it be windy in chicago tomorrow,weather
178,set the alarm for monday at 7:30 a.m,alarm
179,how is the weather,weather
180,tips for improving your public speaking skills,other
181,i'd like to know the present temperature reading,weather
182,play a song,music
183,let's get some music going,music
184,please set the alarm for my important appointment at 11 a.m,alarm
185,instructions for assembling a model car,other
186,let's enjoy some melodies by taylor swift,music
187,please set the alarm to repeat every monday at 10:30 a.m,alarm
188,techniques for improving your decision-making skills,other
189,can you help me set an alarm for my doctor's appointment tomorrow,alarm
190,how to play a basic guitar solo,other
191,i always set an alarm to wake up early on weekends for hiking trips,alarm
192,i am keen on hearing 'rolling in the deep',music
193,what is the expected temperature range for the next five days,weather
194,should i consider wearing a jacket for tomorrow's weather,weather
195,i set the alarm on my phone before going to bed every night,alarm
196,set the alarm for my favorite radio show at 6 p.m,alarm
197,a popular music track titled 'rolling in the deep',music
198,i want to know the weather at 3 p.m. tomorrow. please provide the details,weather
199,"what's the weather going to be like this weekend in newberry park, california",weather
200,set the alarm for my favorite radio show at 6:30 p.m,alarm
201,what was the weather like at 3 pm yesterday,weather
202,please set the alarm to repeat every wednesday at 9:45 a.m,alarm
203,i need to set an alarm to remind me to take my medication,alarm
204,how to play a basic piano melody,other
205,how to make a homemade face cleanser,other
206,would you mind putting on the 'crazy for you' album for me to enjoy,music
207,set an alarm to remind me to submit my assignment before the deadline,alarm
208,how to bake a chocolate cake from scratch,other
209,techniques for reducing stress and promoting relaxation,other
210,i usually set my alarm to go off 5 minutes before my regular alarm clock rings,alarm
211,how about we start the music,music
212,let's put on some tunes by taylor swift,music
213,please set the alarm to repeat every sunday at 7:30 a.m,alarm
214,the chart-topping song known as 'rolling in the deep',music
215,should i pack an umbrella in case of rain today,weather
216,will there be any thunderstorms today,weather
217,instructions for building a model ship,other
218,instructions for building a model ship,other
219,please set the alarm for my important presentation at 10 a.m,alarm
220,let's boogie to some music,music
221,how much snow is expected in the uk this week,weather
222,what's the weather forecast for new orleans this weekend,weather
223,instructions for assembling a puzzle,other
224,can you help me set an alarm for my gym session tomorrow,alarm
225,it's time to get the music started,music
226,tips for starting a successful small business,other
227,can you play some music for us,music
228,i like to set a soothing alarm sound to wake up peacefully,alarm
229,steps for troubleshooting a frozen tablet screen,other
230,would it be a good day for outdoor photography given the weather conditions,weather
231,i'd like to know the temperature at this time,weather
232,what's the weather like for playing sports outdoors today,weather
233,how to knit a scarf,other
234,please set the alarm to repeat every monday at 10:15 a.m,alarm
235,how to make a refreshing homemade iced coffee,other
236,steps for troubleshooting a malfunctioning printer,other
237,i always set an alarm to wake up before the alarm clock goes off,alarm
238,how to play a basic drum fill,other
239,can you remind me to call my mom? please set an alarm for that,alarm
240,tips for improving your problem-solving skills,other
241,steps for troubleshooting a weak wi-fi signal,other
242,can you set an alarm for my dentist appointment next week at 10 a.m,alarm
243,instructions for assembling a computer,other
244,"i want to hear some traditional chinese music, can you play a playlist for me",music
245,may i request that you play 'rolling in the deep',music
246,begin playing the smooth jazz playlist,music
247,i usually set my alarm 10 minutes ahead of the actual time,alarm
248,set an alarm for 7 a.m,alarm
249,please set the alarm for my early morning flight at 5 a.m,alarm
250,will it rain in london tomorrow,weather
251,instructions for building a model airplane,other
252,steps for properly cleaning and maintaining a laptop,other
253,will there be any precipitation in the forecast,weather
254,what should i prepare for weather-wise in the next five days,weather
255,instructions for assembling a model train set,other
256,can you set an alarm to remind me to stretch every hour,alarm
257,set an alarm to wake me up with a soothing melody,alarm
258,should i dress in layers tomorrow due to the weather conditions,weather
259,please set the alarm to repeat every wednesday at 9 a.m,alarm
260,please set the alarm for my important video call at 2:30 p.m,alarm
261,set an alarm for 40 minutes to remind me to start preparing dinner,alarm
262,a well-known piece of music titled 'rolling in the deep',music
263,how about we play some of taylor swift's hits,music
264,check weather for today,weather
265,techniques for painting a room without streaks,other
266,how to make a homemade facial mask,other
267,please set the alarm to repeat every wednesday at 9:15 a.m,alarm
268,could you begin playing the tracks in my music archive,music
269,i need to set an alarm to remind me to take my allergy medication,alarm
270,what's the temperature outside at the current moment,weather
271,how to make a homemade natural cleaning spray,other
272,should i expect any significant weather events in the next seven days,weather
273,instructions for building a model ship,other
274,launch the playlist called 'smooth jazz',music
275,can you help me set the alarm on my new smartwatch,alarm
276,play some audio tracks,music
277,what's the weather like outside,weather
278,techniques for improving your decision-making skills,other
279,"i'm in the mood for some chinese music, can you play a selection of songs",music
280,can you provide advice on whether i should wear a jacket tomorrow,weather
281,can you help me set an alarm for my dentist appointment tomorrow,alarm
282,is there a chance of thunderstorms during this period,weather
283,i need to set an alarm for my early morning bike ride,alarm
284,are there any specific weather conditions that could pose a risk to me or others during my planned run for tomorrow,weather
285,instructions for assembling a puzzle,other
286,tips for improving your problem-solving skills,other
287,"commence playing songs by the talented artist, taylor swift",music
288,can you provide a summary of the weather conditions for the next five days,weather
289,can you give me an overview of the weather for the next two weeks,weather
290,techniques for improving your creativity skills,other
291,the track named 'rolling in the deep',music
292,how to make a homemade salsa,other
293,are there any weather warnings or alerts in effect for this evening,weather
294,i always set an alarm to wake up before the alarm clock rings,alarm
295,would it be wise to carry an umbrella today based on the weather forecast,weather
296,set the alarm for my online meeting at 10:15 a.m,alarm
297,steps for troubleshooting a frozen computer screen,other
298,i usually set my alarm to go off 5 minutes before my regular alarm,alarm
299,do i need a jacket to stay comfortable tomorrow,weather
300,will it rain in los angeles today,weather
301,how's the weather tomorrow,weather
302,can you share the present temperature conditions,weather
303,techniques for improving your problem-solving skills,other
304,can you set an alarm to remind me to drink water every hour during the day,alarm
305,please set the alarm to repeat every monday at 10 a.m,alarm
306,set an alarm for 40 minutes to remind me to leave for the meeting,alarm
307,i need to set an alarm for my morning meditation and breathing exercises,alarm
308,how to make a homemade salad dressing,other
309,set an alarm for 45 minutes to remind me to leave for the appointment,alarm
310,tips for improving your project management skills,other
311,is it going to be a sunny day in dubai today,weather
312,could you please provide information about the weather during the evening,weather
313,the catchy tune known as 'rolling in the deep',music
314,set an alarm to remind me to pick up the kids from school at 3:30 p.m,alarm
315,techniques for improving your communication skills,other
316,can you please put on some of the songs from my music collection,music
317,enjoy some of taylor swift's melodies,music
318,can you help me set an alarm on my smartwatch for my medication schedule tomorrow,alarm
319,tips for improving your decision-making skills,other
320,i usually set my alarm to snooze a few times before getting up,alarm
321,i need to set an alarm for my morning meditation and breathing exercises,alarm
322,can you set the alarm on my smart speaker for my morning routine tomorrow,alarm
323,tips for improving your leadership skills,other
324,tips for improving your decision-making skills,other
325,set an alarm to remind me to take my vitamins at 6 a.m,alarm
326,please set the alarm to vibrate and display an inspiring quote,alarm
327,can we have some taylor swift songs playing,music
328,"i'd like to listen to the album 'crazy for you', can you play it",music
329,please set the alarm for my important video call at 2:45 p.m,alarm
330,can you set an alarm to remind me to drink water every hour during the day,alarm
331,put on some jams,music
332,can you help me set an alarm on my smartwatch for my doctor's appointment tomorrow,alarm
333,instructions for assembling a model helicopter,other
334,i always set my alarm 15 minutes before my morning workout to prepare,alarm
335,steps for troubleshooting a malfunctioning printer,other
336,please set the alarm to repeat every wednesday at 8 a.m,alarm
337,fill the room with music,music
338,set the alarm for my favorite tv series at 8 p.m,alarm
339,are there any areas that may experience flooding due to heavy rainfall in the upcoming forecast,weather
340,how to make a homemade salsa,other
341,is there a chance of thunderstorms in houston tonight,weather
342,i always set an alarm to wake up before the sunrise on weekends,alarm
343,will it be sunny in sydney tomorrow,weather
344,can you help me set an alarm on my phone for my important event in the evening,alarm
345,instructions for building a model rocket,other
346,techniques for improving your handwriting,other
347,let's hear some music,music
348,please set the alarm to repeat every friday at 8:45 a.m,alarm
349,turn on the taylor swift playlist,music
350,what is the current temperature outside,weather
351,what's the weather like now,weather
352,can you advise if i should bring an umbrella given today's forecast,weather
353,i'm curious about the air quality index specifically for the area where i am situated,weather
354,what's the weather,weather
355,activate the sound system for music,music
356,tips for improving your project management skills,other
357,let's get the party started with some music,music
358,set an alarm to remind me to water the plants at 6 p.m,alarm
359,i usually set my alarm 15 minutes before my morning meeting,alarm
360,it would be great if we could listen to some music by taylor swift,music
361,please set the alarm for my important appointment at 10 a.m,alarm
362,instructions for building a model airplane,other
363,tips for improving your leadership skills,other
364,a musical composition known as 'rolling in the deep',music
365,how hot is it right now,weather
366,the tune called 'rolling in the deep',music
367,tips for improving your problem-solving skills,other
368,tips for improving your problem-solving skills,other
369,steps for troubleshooting a malfunctioning tablet,other
370,how to play a basic piano melody,other
371,can you give me an extended forecast for the next ten days,weather
372,set the alarm for my favorite tv series at 9 p.m,alarm
373,how to play a basic drum beat,other
374,please set the alarm for my important presentation at 11 a.m,alarm
375,how many hours of sunlight can be expected in norway tomorrow,weather
376,i usually set my alarm to snooze a few times before getting up,alarm
377,instructions for building a model airplane,other
378,i need to set an alarm to remind me to take my medication at noon,alarm
379,activate the 'smooth jazz' playlist to play,music
380,can you share the air quality index for the area where i am currently located,weather
381,tune in to some of taylor swift's melodies,music
382,jam out to some tunes,music
383,can we turn on some music,music
384,fill the air with music,music
385,what's the current weather in los angeles,weather
386,what can i expect in terms of weather over the next week,weather
387,can you set the alarm on my fitness tracker for my yoga session,alarm
388,steps for troubleshooting a malfunctioning smartphone,other
389,hit play on the music,music
390,set an alarm for 35 minutes to remind me to start preparing dinner,alarm
391,how to make a homemade salad dressing,other
392,how to make a homemade facial moisturizer,other
393,"let's enjoy some music, how about starting with 'crazy for you'",music
394,time for some musical entertainment,music
395,how to make a healthy salad,other
396,was there any fog this morning,weather
397,how about we play some tracks from taylor swift,music
398,what's the temperature outside,weather
399,are there any weather warnings or alerts for brazil currently,weather
400,steps for changing a flat tire on a car,other
401,can you help me set an alarm for my dentist appointment next week,alarm
402,techniques for improving your creativity skills,other
403,has there been any hail reported in dallas recently,weather
404,what's the current temperature outside,weather
405,let's have a musical session,music
406,tips for improving your project management skills,other
407,i'd appreciate it if you could provide details on the weather at 3 p.m. tomorrow,weather
408,tips for improving your leadership skills,other
409,how to make a delicious homemade salsa,other
410,how to make a delicious homemade salsa,other
411,play some jams,music
412,steps for troubleshooting a malfunctioning printer,other
413,commence the musical entertainment,music
414,"i'd love to hear some authentic chinese music, could you play a mix of different genres",music
415,"are there any specific weather conditions that could pose a risk to me or others during my outdoor run (e.g., extreme heat, cold, or high winds)",weather
416,start the music playing,music
417,will there be any significant changes in temperature over the next few days,weather
418,can you share the forecast for tomorrow's evening weather,weather
419,"i'd love to hear adele's 'rolling in the deep', could you play it for me",music
420,how to play a basic guitar chord,other
421,how to make a homemade natural cleaning solution,other
422,activate the music player,music
423,techniques for improving your communication skills,other
424,let's groove to some music,music
425,what was the temperature at 3 pm yesterday,weather
426,"i'm in the mood for some tunes, can we listen to the 'crazy for you' album",music
427,how to properly fold and store clothes,other
428,is there a chance of snowfall tomorrow,weather
429,can you set an alarm to remind me to stretch every hour during the workday,alarm
430,set an alarm for 35 minutes to remind me to leave for the meeting,alarm
431,can you help me set an alarm on my smart speaker,alarm
432,can you set an alarm to remind me to drink water every hour,alarm
433,please set the alarm to repeat every friday at 8 a.m,alarm
434,can you provide the air quality index pertaining to my local area,weather
435,please set the alarm for my early morning meeting at 7:30 a.m,alarm
436,how much precipitation has fallen in seattle this month,weather
437,should i wear a jacket tomorrow,weather
438,go to music,music
439,can you tell me the temperature reading outdoors,weather
440,let's hear some tunes from taylor swift,music
441,what is the expected temperature range for the next few days,weather
442,let me know what to expect for the weather at 3 p.m. tomorrow,weather
443,begin streaming taylor swift's music,music
444,"let's listen to 'crazy for you', can you play it for me",music
445,instructions for building a model airplane,other
446,could you please provide me with the air quality index specific to my location,weather
447,would it be suitable to plan a picnic or outdoor gathering today based on the weather,weather
448,set an alarm for 45 minutes to remind me to start preparing dinner,alarm
449,what's the weather in new york right now,weather
450,can you provide a day-by-day weather forecast for the next four days,weather
451,i'm curious about the temperature at the current time,weather
452,set the alarm for my conference call at 1:30 p.m,alarm
453,should i take a raincoat or umbrella on my walk this afternoon,weather
454,please set the alarm to ring loudly so i don't miss it,alarm
455,can you start playing my music library,music
456,can we listen to songs that are currently topping the billboard charts,music
457,instructions for creating a budget-friendly meal plan,other
458,set the alarm for my conference call at 1 p.m,alarm
459,what is the wind speed and direction expected to be over the next four hours,weather
460,the hit single called 'rolling in the deep',music
461,what type of jacket should i wear during cold and windy weather,weather
462,let's dance to some music,music
463,i'm curious about the weather during the evening hours,weather
464,begin the musical playlist,music
465,can you set an alarm for my dentist appointment next month,alarm
466,what is the best way to dress for a hike in unpredictable weather conditions,weather
467,what's the temperature outside right now? any details,weather
468,steps for troubleshooting a slow smartphone,other
469,set the mood with some songs,music
470,was there any thunderstorm activity in the area today,weather
471,how much warmer will it get later in the day,weather
472,launch the playlist named 'smooth jazz',music
473,how about we kick off our listening session with the 'crazy for you' album,music
474,it's time for some music,music
475,how to play a basic drum fill,other
476,what's the current temperature reading,weather
477,tips for taking care of indoor plants,other
478,techniques for improving your problem-solving skills,other
479,play some beats,music
480,steps for troubleshooting a frozen computer screen,other
481,what is the weather forecast for atlantic city this weekend,weather
482,i usually set my alarm to go off 10 minutes before i have to leave,alarm
483,instructions for building a model ship,other
484,steps for properly cleaning and maintaining a tablet,other
485,is it necessary to wear gloves during my run later today,weather
486,what's the temperature like at this exact time,weather
487,techniques for improving your problem-solving skills,other
488,steps for troubleshooting a slow smartphone,other
489,techniques for improving your photography skills,other
490,is it gonna rain today in sanford,weather
491,"i would like to listen to some chinese music, can you play a playlist",music
492,what is the wind speed in miami right now,weather
493,please set the alarm for my early morning yoga class at 7 a.m,alarm
494,what was the temperature at noon today,weather
495,get ready to groove to some taylor swift tunes,music
496,how to play a basic guitar riff,other
497,i always set an alarm to wake up early on weekends for camping trips,alarm
498,tell me the weather conditions during the evening,weather
499,will it rain at any point during the seven-day forecast,weather
500,please set the alarm to repeat every thursday at 7:15 a.m,alarm
501,"how long will the daylight last today, and what time does sunset occur in my area",weather
502,is it a good day for hiking given the current weather conditions,weather
503,are there any weather warnings or advisories related to extreme temperatures,weather
504,techniques for improving your drawing skills,other
505,"i'm interested in exploring chinese music, can you play a variety of songs for me",music
506,can we jam out to some music,music
507,will it be foggy in san diego tomorrow,weather
508,can you queue up some taylor swift tunes,music
509,i'm feeling like some music,music
510,how about playing the song 'crazy for you' for us,music
511,i'm interested in knowing the current outdoor temperature,weather
512,what is the expected humidity level during this time frame,weather
513,please set the alarm for my important appointment at 12 p.m,alarm
514,are there any weather warnings or alerts currently in effect,weather
515,please set the alarm to repeat every tuesday at 8 a.m,alarm
516,how to make a refreshing homemade iced tea,other
517,how to make a homemade fruit salad,other
518,how about we turn on some music,music
519,tips for improving your public speaking skills,other
520,will there be any fluctuations in temperature over the next few days,weather
521,techniques for improving your decision-making skills,other
522,instructions for assembling a model train set,other
523,will there be any thunderstorms in miami this weekend,weather
524,steps for troubleshooting a frozen laptop screen,other
525,i usually set an alarm to wake up early for weekend road trips,alarm
526,set an alarm for 10 minutes to remind me to check the laundry,alarm
527,instructions for assembling a model helicopter,other
528,could you play adele's song 'rolling in the deep' for me,music
529,i need to set an alarm for my early morning bike ride tomorrow,alarm
530,put on some taylor swift music,music
531,enjoy some musical sounds,music
532,play some tunes,music
533,can you give me an overview of the weather for the upcoming weekend,weather
534,can you set the alarm on my smart speaker for my morning routine tomorrow at 6 a.m,alarm
535,can you set an alarm on my phone for my important phone interview at 3 p.m,alarm
536,can you provide a detailed weather report for next week's outdoor event,weather
537,tips for improving your project management skills,other
538,what is the humidity level in new york currently,weather
539,set the alarm to repeat every day at the same time,alarm
540,can we listen to 'rolling in the deep'? it's one of my favorite songs,music
541,please set the alarm for my early morning flight at 7 a.m,alarm
542,techniques for improving your communication skills,other
543,is it suitable for a picnic today,weather
544,instructions for assembling a model helicopter,other
545,get lost in the rhythm of music,music
546,can you help me set an alarm for my dentist appointment,alarm
547,let's kick back and listen to some music,music
548,is it necessary to have an umbrella due to the weather today,weather
549,let's blast some music,music
550,set the alarm for my favorite podcast at 9 p.m,alarm
551,tips for improving your public speaking skills,other
552,can you help me set an alarm on my smart speaker for my morning playlist,alarm
553,"it would be great if we could listen to the entire 'crazy for you' album, could you play it now",music
554,tips for improving your posture,other
555,please set the alarm to vibrate and display a motivational message,alarm
556,an audio piece referred to as 'rolling in the deep',music
557,i need to set an alarm to remind me to take my medication at 8 a.m,alarm
558,instructions for assembling a model train set,other
559,please set the alarm to vibrate and play a soothing melody,alarm
560,can you provide an update on the weather in new delhi,weather
561,techniques for improving your problem-solving skills,other
562,steps for troubleshooting a frozen computer screen,other
563,i'd like to know the expected weather conditions at 3 p.m. tomorrow,weather
564,the chart-topping song 'rolling in the deep',music
565,groove to some rhythms,music
566,i always set an alarm for important meetings or appointments,alarm
567,i always set my alarm 10 minutes before my morning workout to prepare mentally,alarm
568,let's listen to some tunes by taylor swift,music
569,please set the alarm to repeat every monday at 9 a.m,alarm
570,a song famously known as 'rolling in the deep',music
571,how much wind can we expect over the next few days,weather
572,are there any severe weather warnings in effect for the next 48 hours,weather
573,steps for properly cleaning and maintaining a smartphone,other
574,what's the forecast for the next seven days,weather
575,tips for improving your public speaking skills,other
576,is there a specific playlist of chinese songs that you could play for me,music
577,let's listen to some taylor swift tracks,music
578,set an alarm to remind me to pick up the kids from school at 3:45 p.m,alarm
579,tips for improving your leadership skills,other
580,i set an alarm to remind me to take breaks while working,alarm
581,activate the playlist,music
582,set the alarm for my conference call at 12:30 p.m,alarm
583,how much snow is expected to fall tonight,weather
584,can you help me set an alarm on my smart speaker for my morning playlist tomorrow at 6:15 a.m,alarm
585,tips for improving your teamwork skills,other
586,can you give me an update on the current temperature,weather
587,can you help me set an alarm on my smartwatch for my medication schedule tomorrow,alarm
588,steps for properly cleaning and maintaining a gaming console,other
589,what's the weather today,weather
590,steps for troubleshooting a malfunctioning tablet,other
591,can you set the alarm on my fitness tracker for my yoga session at 6 p.m,alarm
592,how hot will it be in ontario tomorrow,weather
593,i'm curious about the weather forecast for tomorrow evening,weather
594,are there any weather warnings or advisories currently active for [area],weather
595,techniques for improving your critical thinking skills,other
596,how about we listen to some songs by taylor swift,music
597,tips for improving your teamwork skills,other
598,steps for properly cleaning and maintaining a laptop,other
599,please set the alarm for my early morning flight at 6 a.m,alarm
600,how to make a homemade body scrub,other
601,instructions for assembling a model train set,other
602,please set the alarm to vibrate and display a positive affirmation,alarm
603,the melody referred to as 'rolling in the deep',music
604,steps for troubleshooting a malfunctioning computer monitor,other
605,instructions for assembling a model car,other
606,set an alarm to remind me to water the plants at 5:30 p.m,alarm
607,can you suggest the best time for a leisurely stroll in the park given the weather,weather
608,set the mood with some melodies,music
609,can you suggest the best time for birdwatching today given the weather,weather
610,"let's listen to the 'crazy for you' album, can you play it for me",music
611,how about we listen to some music,music
612,set the alarm for my favorite tv show at 8 p.m,alarm
613,let's listen to some music,music
614,will there be any significant changes in weather patterns over the next few days,weather
615,can you set an alarm to remind me to drink water every hour during the day,alarm
616,begin playing the playlist titled 'smooth jazz',music
617,how to play a basic ukulele melody,other
618,how to play a basic drum beat,other
619,techniques for improving your creativity skills,other
620,what type of shoes are recommended for walking on slippery surfaces during winter,weather
621,how to make a homemade natural hand sanitizer,other
622,can you set the alarm to gradually increase the brightness,alarm
623,steps for troubleshooting a weak cellphone signal,other
624,is it windy in doha today,weather
625,i need to set an alarm for my early morning bike ride tomorrow at 5:30 a.m,alarm
626,are there any tornado warnings in effect for oklahoma today,weather
627,could you put on some music from the current billboard rankings,music
628,is there a chance of snow/rain in [city] this week,weather
629,can you set the alarm to gradually increase the alarm sound,alarm
630,is there a significant difference between the daytime and nighttime temperatures in [location],weather
631,can you set the alarm on my bedside clock,alarm
632,get the music going,music
633,"i've been wanting to listen to 'crazy for you', could you play it for me now",music
634,tips for improving your decision-making skills,other
635,can you create a queue of chinese songs for me to listen to,music
636,can you set an alarm to remind me to pick up groceries at 4 p.m,alarm
637,techniques for improving your public speaking skills,other
638,set an alarm to remind me to take my vitamins at 7 a.m,alarm
639,set an alarm to remind me to turn off the oven in 30 minutes,alarm
640,tips for improving your problem-solving skills,other
641,i usually set my alarm to go off 5 minutes before my alarm clock,alarm
642,i need to set the alarm for my flight tomorrow morning,alarm
643,queue up some songs by taylor swift,music
644,set an alarm to wake me up with a soft melody,alarm
645,"may i request that you play the album titled 'crazy for you', please",music
646,set an alarm to remind me to feed the pets at 6 p.m,alarm
647,can you help me set an alarm for my gym session,alarm
648,how to make a delicious homemade salsa,other
649,let the music play,music
650,how to make a homemade salsa,other
651,tips for improving your decision-making skills,other
652,how much rainfall did we receive yesterday,weather
653,do you have any insights on the present temperature,weather
654,can you provide insights on the weather conditions for a day trip or outdoor excursion,weather
655,please set the alarm to repeat every tuesday at 9:45 a.m,alarm
656,can you set the alarm on my fitness tracker for my yoga session at 5 p.m,alarm
657,please set the alarm for my early morning flight at 6:30 a.m,alarm
658,what is the current temperature and humidity level for planning outdoor run,weather
659,"for the next ten days, can you provide a detailed breakdown of each day's forecast, including sunrise and sunset times",weather
660,could you please play the track 'crazy for you',music
661,will it rain tomorrow morning,weather
662,please set the alarm for my important phone call at 3 p.m,alarm
663,will there be any significant changes in weather patterns over the next two hours,weather
664,is it going to be a hot day in miami today,weather
665,is the weather favorable for a round of golf or tennis today,weather
666,let's listen to some taylor swift songs,music
667,i'm in the mood for some taylor swift music,music
668,are we expected to experience flooding due to heavy rainfall after 5:00 pm today,weather
669,are there any high winds expected in the area,weather
670,instructions for assembling a bicycle,other
671,techniques for improving your communication skills,other
672,can we have some background music,music
673,i'm curious about the temperature outside at the moment,weather
674,could you share the air quality index for the vicinity in which i am currently located,weather
675,what's the weather like,weather
676,tune in to some rhythms,music
677,techniques for improving your problem-solving skills,other
678,steps for troubleshooting a weak wi-fi signal,other
679,instructions for assembling a model helicopter,other
680,can you set an alarm for my dentist appointment next week at 9:30 a.m,alarm
681,instructions for building a model rocket,other
682,set the alarm for my online meeting at 9:30 a.m,alarm
683,tune in to some music,music
684,please set the alarm to vibrate and display an inspiring message,alarm
685,i always set an alarm to wake up early on weekends,alarm
686,set an alarm to remind me to water the plants at 5 p.m,alarm
687,stream some tunes by taylor swift,music
688,i always set an alarm to wake up before everyone else in the house,alarm
689,i always set an alarm to wake up before the alarm clock rings,alarm
690,techniques for improving your time management skills,other
691,blast some tunes,music
692,can you please start playing 'rolling in the deep',music
693,i'm in the mood for some music,music
694,tips for improving your leadership skills,other
695,may i request that you play the album titled 'crazy for you',music
696,is there a chance of thunderstorms this evening,weather
697,i need to set an alarm for my early morning bike ride tomorrow at 6 a.m,alarm
698,please set the alarm to vibrate and display a motivational quote,alarm
699,i always set an alarm to wake up for important events,alarm
700,can you please play the billboard chart,music
701,"i'd love to hear some traditional and modern chinese music, could you play a mix of both",music
702,i usually set an alarm to wake up before the alarm clock,alarm
703,i usually set my alarm to snooze a couple of times before getting up,alarm
704,i always set an alarm to wake up early for special events,alarm
705,can we have a rendition of the song 'crazy for you' please,music
706,it would be great if you could play the song called 'crazy for you',music
707,how much snow accumulation is predicted for the upcoming week,weather
708,playing 'rolling in the deep' would make me happy,music
709,play some tunes by taylor swift,music
710,can you curate a collection of top-rated chinese songs for me,music
711,steps for troubleshooting a malfunctioning tablet,other
712,how to play a basic guitar solo,other
713,activate the playlist named 'smooth jazz',music
714,set an alarm for 15 minutes before the meeting starts,alarm
715,"hey, could you play that song by adele called 'rolling in the deep'",music
716,"i want to hear some of taylor swift's hits, can you play them",music
717,the music that appeals to me right now is 'rolling in the deep',music
718,steps for properly cleaning and maintaining a tablet,other
719,instructions for building a model rocket,other
720,can you put on some taylor swift music,music
721,i always set an alarm to wake up before the sunrise on weekends for photography,alarm
722,steps for troubleshooting a slow internet speed,other
723,instructions for building a model rocket,other
724,set the alarm for my online meeting at 10 a.m,alarm
725,please set the alarm to repeat every friday at 8:15 a.m,alarm
726,"i'm in the mood for 'crazy for you', could you play it",music
727,is there a preferred time to engage in water sports today considering the weather,weather
728,would it be possible to play 'rolling in the deep' right now,music
729,instructions for building a model ship,other
730,what's the forecast for tokyo this weekend,weather
731,how does the temperature today compare to yesterday's temperature in [location],weather
732,tips for improving your project management skills,other
733,techniques for improving your creativity skills,other
734,how to make a delicious homemade smoothie,other
735,steps for troubleshooting a slow internet connection,other
736,set the alarm to vibrate instead of making a sound,alarm
737,the song i'm interested in hearing is 'rolling in the deep',music
738,can you give me an update on the air quality index in my vicinity,weather
739,i usually set an alarm to wake up before everyone else in the house,alarm
740,how hot/cold will it be tomorrow in [location],weather
741,"can we have some music, please",music
742,i usually set an alarm to wake up before the rest of the household,alarm
743,techniques for improving your communication skills,other
744,instructions for building a model ship,other
745,could you put together a mix of contemporary chinese songs for me to listen to,music
746,how to make a homemade salad dressing,other
747,what's the weather going to be like for the next several days,weather
748,steps for properly cleaning and maintaining a car,other
749,can you advise if today's weather is favorable for a bike ride,weather
750,begin playing the 'smooth jazz' playlist,music
751,i usually set an alarm to wake up early for hiking trips,alarm
752,i usually set an alarm to wake up early for weekend beach trips,alarm
753,i need to set the alarm to wake me up in the morning,alarm
754,activate the 'smooth jazz' playlist for listening,music
755,is there any chance of rain or thunderstorms in the forecast for today,weather
756,can you tell me the air quality index relevant to my current location,weather
757,how much snow accumulation is predicted tomorrow,weather
758,"let's listen to 'rolling in the deep', can you put it on",music
759,techniques for improving your critical thinking skills,other
760,set the alarm for my online meeting at 11 a.m,alarm
761,is it recommended to go horseback riding or engage in equestrian activities today given the weather,weather
762,initiate the 'smooth jazz' playlist,music
763,"could you start playing the 'crazy for you' album, please",music
764,steps for properly cleaning and maintaining a bicycle,other
765,techniques for improving your critical thinking skills,other
766,can we listen to the most popular songs according to billboard,music
767,can you please play some taylor swift songs,music
768,set an alarm for 20 minutes to remind me to check the oven,alarm
769,it's time to listen to some music,music
770,shall we turn on some tunes from taylor swift,music
771,i always set an alarm to wake up before sunrise,alarm
772,tips for improving your decision-making skills,other
773,i usually set an alarm to wake up before the rest of the household wakes up,alarm
774,"i want to hear the songs in my own music compilation, can you play them",music
775,how can i protect myself from the sun while still staying cool in hot weather,weather
776,"i'd like to listen to my personal music collection, can you play it",music
777,"how accurate are the weather forecasts for my area, and should i check multiple sources before making plans",weather
778,how about playing some hits from the billboard chart,music
779,let's have a musical experience,music
780,please inform me about the weather conditions expected at 3 p.m. tomorrow,weather
781,should i dress up for keeping warm in today's weather,weather
782,can you set an alarm on my phone for my important phone interview,alarm
783,what's the weather like in sydney today,weather
784,techniques for improving your problem-solving skills,other
785,"i'm interested in listening to some chinese songs, do you have any suggestions",music
786,i always set an alarm to wake up early for road trips,alarm
787,tips for improving your decision-making skills,other
788,what is the current weather condition,weather
789,could you put on some tracks by taylor swift,music
790,techniques for improving your critical thinking skills,other
791,instructions for assembling a bookshelf,other
792,please set the alarm for 8 a.m. sharp,alarm
793,tips for improving your time management skills,other
794,set an alarm for 30 minutes to remind me to start cooking,alarm
795,would it be recommended to go camping today based on the weather forecast,weather
796,what is the average temperature for this time of year in [region],weather
797,how to make a homemade natural cleaning spray,other
798,how to properly clean and maintain leather furniture,other
799,can you put on some music,music
800,is it going to be sunny all day long,weather
801,would you mind putting on 'rolling in the deep' by adele,music
802,techniques for improving your memory,other
803,do you recommend wearing a jacket tomorrow,weather
804,will it rain in boston tomorrow,weather
805,tips for improving your project management skills,other
806,set the alarm for my favorite radio show at 7 p.m,alarm
807,tips for improving your teamwork skills,other
808,what is the weather today,weather
809,was it raining at 8 am this morning,weather
810,what is the current temperature in new york city,weather
811,what's the weather like in paris at the moment,weather
812,can you help me set an alarm for my dentist appointment next week at 8 a.m,alarm
813,shall we play some music,music
814,is there any thunderstorm activity in the area this afternoon,weather
815,can you please play a list of chinese songs,music
816,set an alarm to remind me to turn off the oven in 5 minutes,alarm
817,techniques for improving your decision-making skills,other
818,i'd like to know the air quality index for my specific location,weather
819,tips for improving your project management skills,other
820,i usually set my alarm to go off 5 minutes before my regular alarm clock,alarm
821,how to make a homemade fruit smoothie,other
822,i'd love to hear some of taylor swift's music right now,music
823,i need to set an alarm for my morning meditation and gratitude practice,alarm
824,how does the humidity affect the perceived temperature in [region],weather
825,how many consecutive days of sunshine are expected in the upcoming forecast,weather
826,how does today's temperature compare to yesterday's,weather
827,tips for improving your decision-making skills,other
828,can you help me set an alarm on my phone for my important event in the evening,alarm
829,a popular tune titled 'rolling in the deep',music
830,steps for troubleshooting a slow internet connection,other
831,steps for troubleshooting common computer problems,other
832,can we put on some taylor swift tracks,music
833,can you set an alarm on my phone for my important phone interview at 2 p.m,alarm
834,can i expect any changes in weather conditions throughout the day that could impact my outdoor workout,weather
835,instructions for assembling a model car,other
836,set an alarm for 30 minutes to remind me to check the mail,alarm
837,can you advise if it's recommended to go fishing today based on the weather forecast,weather
838,could you put on the track 'crazy for you',music
839,what is the current temperature in new delhi,weather
840,can you set the alarm to gradually increase the volume of the alarm sound,alarm
841,how to make a delicious homemade pizza,other
842,is there a chance of snow in the forecast,weather
843,can you advise if today's weather is suitable for a dog walk or pet outing,weather
844,how will these weather conditions affect outdoor activities and events planned for the coming five days,weather
845,is it raining outside,weather
846,can you provide information on whether it's suitable for gardening today,weather
847,techniques for improving your time management skills,other
848,please set the alarm to vibrate and display a motivational quote,alarm
849,set an alarm for 35 minutes to remind me to leave for the meeting,alarm
850,what is the humidity level like in haifa right now,weather
851,how to play a basic piano chord,other
852,please set the alarm for my morning meditation session,alarm
853,can you help me set an alarm on my smartwatch for my appointment,alarm
854,techniques for improving your time management skills,other
855,i usually set my alarm 20 minutes before i have to get ready,alarm
856,would it be possible for you to play the song 'crazy for you',music
857,steps for properly cleaning and maintaining a camera,other
858,"hey, can you start playing that awesome album called 'crazy for you'",music
859,techniques for improving your decision-making skills,other
860,it would be great if i could listen to 'rolling in the deep',music
861,how to make a homemade body scrub,other
862,what is the weather,weather
863,set the alarm to play my favorite song as the wake-up sound,alarm
864,commence streaming the 'smooth jazz' playlist,music
865,set an alarm for 15 minutes to remind me to check the pasta on the stove,alarm
866,please set the alarm for my important presentation at 10:30 a.m,alarm
867,i'm interested in the weather conditions during the evening. could you tell me more,weather
868,can you put on some taylor swift tunes,music
869,please set the alarm for my important appointment at 1 p.m,alarm
870,tips for improving your teamwork skills,other
871,set an alarm to remind me to water the garden at 7 p.m,alarm
872,instructions for building a model airplane,other
873,techniques for improving your time management skills,other
874,are there any weather warnings or alerts that i should be aware of before planning my outdoor activity,weather
875,how about we rock out to some music,music
876,set an alarm to remind me to pick up the kids from school at 4:15 p.m,alarm
877,what's the weather in barcelona,weather
878,steps for brewing the perfect cup of coffee,other
879,can you help me set an alarm on my smartwatch,alarm
880,techniques for improving your creativity skills,other
881,can you give me an update on the weather forecast for tomorrow evening,weather
882,please set the alarm to repeat every saturday at 8 a.m,alarm
883,steps for troubleshooting a frozen tablet screen,other
884,i usually set my alarm to snooze a couple of times before getting up,alarm
885,please set the alarm for my early morning meeting at 7:15 a.m,alarm
886,techniques for improving your critical thinking skills,other
887,set an alarm to remind me to take my vitamins at 8 a.m,alarm
888,jam out to some melodies,music
889,let's turn up the music,music
890,fill the air with melodies,music
891,instructions for assembling a model helicopter,other
892,how to make homemade pasta from scratch,other
893,the hit single 'rolling in the deep',music
894,"it would be great if we could hear 'rolling in the deep', can you put it on",music
895,can you set an alarm to remind me to take my lunch break,alarm
896,do you know how warm or cold it is outside right now,weather
897,can you put on the record 'crazy for you',music
898,it would be awesome if we could listen to 'rolling in the deep',music
899,tips for organizing your closet,other
900,"i want to hear some of taylor swift's music, please",music
901,techniques for improving your problem-solving skills,other
902,what's the current weather in vancouver,weather
903,an acclaimed melody named 'rolling in the deep',music
904,is it necessary to invest in high-quality outdoor gear for cold weather in the coming month,weather
905,get the music going,music
906,is it advisable to wear a jacket considering tomorrow's forecast,weather
907,what's the weather like for outdoor yoga or exercise classes today,weather
908,steps for troubleshooting a frozen laptop screen,other
909,groove to some melodies,music
910,please set the alarm for my early morning flight at 8 a.m,alarm
911,can you provide guidance on whether i should bring an umbrella today,weather
912,put on some songs,music
913,will it rain today,weather
914,techniques for improving your cooking skills,other
915,tips for improving your project management skills,other
916,can you help me set an alarm for my online class,alarm
917,is it raining in london right now,weather
918,put on some music,music
919,"i want to listen to adele's song, can you play 'rolling in the deep'",music
920,start the music,music
921,i'd love to hear some music by taylor swift right now,music
922,what is the humidity level projected to be for each day of next week's forecast,weather
923,techniques for creating a budget and sticking to it,other
924,how to make a healthy smoothie,other
925,tips for improving your public speaking skills,other
926,blast some tunes from taylor swift's discography,music
927,turn on some melodies,music
928,please play a selection of songs by taylor swift,music
929,is it going to rain in seattle today,weather
930,can we have a rendition of 'crazy for you' please,music
931,please set the alarm to vibrate and display the weather forecast,alarm
932,i'm interested in knowing the air quality index pertaining to my immediate surroundings. could you provide that information,weather
933,set an alarm to remind me to take my medication at 9 p.m,alarm
934,please set the alarm for my important presentation at 9 a.m,alarm
935,did it snow last night,weather
936,should i dress warmly with a jacket tomorrow,weather
937,do i need to be prepared with an umbrella for today's weather,weather
938,steps for troubleshooting a slow internet speed,other
939,what's the current weather in london,weather
940,are there any severe weather alerts for puerto rico at the moment,weather
941,what's the best time to go for an outdoor run in the morning,weather
942,steps for troubleshooting a slow computer,other
943,enjoy the sounds of taylor swift's music,music
944,set an alarm to remind me to turn off the oven in 5 minutes,alarm
945,how about we rock out to some of taylor swift's greatest hits,music
946,where is it going to rain in the greater ny area today,weather
947,"hey, can we listen to the album called 'crazy for you'",music
948,has there been any hail reported in the area today,weather
949,i think it's time for us to jam out to some taylor swift jams,music
950,can you help me set an alarm for my dentist appointment next week at 9 a.m,alarm
951,"it would be great if we could listen to the 'crazy for you' album, can you put it on",music
952,please set the alarm to repeat every tuesday at 9 a.m,alarm
953,techniques for improving your decision-making skills,other
954,how to play a basic piano melody,other
955,tips for improving your communication skills,other
956,what is the wind speed forecast for tomorrow afternoon,weather
957,techniques for improving your communication skills,other
958,please set the alarm for my early morning meeting at 7:45 a.m,alarm
959,set a reminder for me to wake up at 6 o'clock,alarm