sentence	label	
Can you set the alarm to gradually increase the volume?	alarm
I always set an alarm to wake up before the sunrise.	alarm
Please set the alarm for my early morning flight at 5:30 a.m.	alarm
Can you help me set an alarm for my gym session tomorrow at 7 a.m.?	alarm
Can you help me set an alarm for my gym session tomorrow at 6:30 a.m.?	alarm
Could you please set the alarm to go off at 9:15?	alarm
I need to set an alarm to remind me to take my allergy medication at 10 p.m.	alarm
Can you set the alarm on my phone while I'm driving?	alarm
Please set the alarm to ring in 20 minutes.	alarm
Please set the alarm for the morning jog at 6:15.	alarm
Can you set an alarm to remind me to stretch every hour during the workday?	alarm
Can you help me set an alarm on my phone for my important event tomorrow?	alarm
Can you help me set an alarm on my smartwatch for my doctor's appointment?	alarm
I need to set an alarm to remind me to take my vitamins.	alarm
I need to set an alarm for my early morning run.	alarm
Please set my alarm for tomorrow at 6:45 a.m.	alarm
Can you help me set an alarm for my online lecture?	alarm
Please set the alarm to go off at 7:45 a.m.	alarm
Please set the alarm for my important phone call at 2 p.m.	alarm
Set an alarm to wake me up gently with a sunrise simulation.	alarm
Please set the alarm for my early morning flight at 4 a.m.	alarm
Can you help me set an alarm on my smartwatch for my medication?	alarm
I need to set an alarm for my morning meditation practice.	alarm
Can you help me set an alarm on my smart speaker for my morning playlist?	alarm
Can you set the alarm on my fitness tracker for my workout session?	alarm
Can you help me set an alarm for my online lecture tomorrow?	alarm
I usually set an alarm to wake up before the alarm clock rings in the morning.	alarm
Set an alarm to wake me up with a nature sound.	alarm
I usually set my alarm to snooze a couple of times before getting up.	alarm
Please set the alarm for my important video call at 3 p.m.	alarm
Can you set an alarm to remind me to stretch every hour during the workday?	alarm
I always set an alarm to wake up on time for work.	alarm
I always set an alarm to wake up early for special occasions.	alarm
I need to set the alarm for my early morning workout.	alarm
Set an alarm to remind me to pick up the kids from school at 4 p.m.	alarm
Set an alarm for 12 minutes to remind me to check the pasta.	alarm
Can you help me set an alarm for my yoga class at 6:30?	alarm
Please set the alarm for my early morning flight at 6:15 a.m.	alarm
Set the alarm for Monday at 7:30 a.m.	alarm
Please set the alarm for my important appointment at 11 a.m.	alarm
Please set the alarm to repeat every Monday at 10:30 a.m.	alarm
Can you help me set an alarm for my doctor's appointment tomorrow?	alarm
I always set an alarm to wake up early on weekends for hiking trips.	alarm
I set the alarm on my phone before going to bed every night.	alarm
Set the alarm for my favorite radio show at 6 p.m.	alarm
Set the alarm for my favorite radio show at 6:30 p.m.	alarm
Please set the alarm to repeat every Wednesday at 9:45 a.m.	alarm
I need to set an alarm to remind me to take my medication.	alarm
Set an alarm to remind me to submit my assignment before the deadline.	alarm
I usually set my alarm to go off 5 minutes before my regular alarm clock rings.	alarm
Please set the alarm to repeat every Sunday at 7:30 a.m.	alarm
Please set the alarm for my important presentation at 10 a.m.	alarm
Can you help me set an alarm for my gym session tomorrow?	alarm
I like to set a soothing alarm sound to wake up peacefully.	alarm
Please set the alarm to repeat every Monday at 10:15 a.m.	alarm
I always set an alarm to wake up before the alarm clock goes off.	alarm
Can you remind me to call my mom? Please set an alarm for that.	alarm
Can you set an alarm for my dentist appointment next week at 10 a.m.?	alarm
I usually set my alarm 10 minutes ahead of the actual time.	alarm
Set an alarm for 7 a.m.	alarm
Please set the alarm for my early morning flight at 5 a.m.	alarm
Can you set an alarm to remind me to stretch every hour?	alarm
Set an alarm to wake me up with a soothing melody.	alarm
Please set the alarm to repeat every Wednesday at 9 a.m.	alarm
Please set the alarm for my important video call at 2:30 p.m.	alarm
Set an alarm for 40 minutes to remind me to start preparing dinner.	alarm
Please set the alarm to repeat every Wednesday at 9:15 a.m.	alarm
I need to set an alarm to remind me to take my allergy medication.	alarm
Can you help me set the alarm on my new smartwatch?	alarm
Can you help me set an alarm for my dentist appointment tomorrow?	alarm
I need to set an alarm for my early morning bike ride.	alarm
I always set an alarm to wake up before the alarm clock rings.	alarm
Set the alarm for my online meeting at 10:15 a.m.	alarm
I usually set my alarm to go off 5 minutes before my regular alarm.	alarm
Can you set an alarm to remind me to drink water every hour during the day?	alarm
Please set the alarm to repeat every Monday at 10 a.m.	alarm
Set an alarm for 40 minutes to remind me to leave for the meeting.	alarm
I need to set an alarm for my morning meditation and breathing exercises.	alarm
Set an alarm for 45 minutes to remind me to leave for the appointment.	alarm
Set an alarm to remind me to pick up the kids from school at 3:30 p.m.	alarm
Can you help me set an alarm on my smartwatch for my medication schedule tomorrow?	alarm
I usually set my alarm to snooze a few times before getting up.	alarm
I need to set an alarm for my morning meditation and breathing exercises.	alarm
Can you set the alarm on my smart speaker for my morning routine tomorrow?	alarm
Set an alarm to remind me to take my vitamins at 6 a.m.	alarm
Please set the alarm to vibrate and display an inspiring quote.	alarm
Please set the alarm for my important video call at 2:45 p.m.	alarm
Can you set an alarm to remind me to drink water every hour during the day?	alarm
Can you help me set an alarm on my smartwatch for my doctor's appointment tomorrow?	alarm
I always set my alarm 15 minutes before my morning workout to prepare.	alarm
Please set the alarm to repeat every Wednesday at 8 a.m.	alarm
Set the alarm for my favorite TV series at 8 p.m.	alarm
I always set an alarm to wake up before the sunrise on weekends.	alarm
Can you help me set an alarm on my phone for my important event in the evening?	alarm
Please set the alarm to repeat every Friday at 8:45 a.m.	alarm
Set an alarm to remind me to water the plants at 6 p.m.	alarm
I usually set my alarm 15 minutes before my morning meeting.	alarm
Please set the alarm for my important appointment at 10 a.m.	alarm
Set the alarm for my favorite TV series at 9 p.m.	alarm
Please set the alarm for my important presentation at 11 a.m.	alarm
I usually set my alarm to snooze a few times before getting up.	alarm
I need to set an alarm to remind me to take my medication at noon.	alarm
Can you set the alarm on my fitness tracker for my yoga session?	alarm
Set an alarm for 35 minutes to remind me to start preparing dinner.	alarm
Can you help me set an alarm for my dentist appointment next week?	alarm
Can you set an alarm to remind me to stretch every hour during the workday?	alarm
Set an alarm for 35 minutes to remind me to leave for the meeting.	alarm
Can you help me set an alarm on my smart speaker?	alarm
Can you set an alarm to remind me to drink water every hour?	alarm
Please set the alarm to repeat every Friday at 8 a.m.	alarm
Please set the alarm for my early morning meeting at 7:30 a.m.	alarm
Set an alarm for 45 minutes to remind me to start preparing dinner.	alarm
Set the alarm for my conference call at 1:30 p.m.	alarm
Please set the alarm to ring loudly so I don't miss it.	alarm
Set the alarm for my conference call at 1 p.m.	alarm
Can you set an alarm for my dentist appointment next month?	alarm
I usually set my alarm to go off 10 minutes before I have to leave.	alarm
Please set the alarm for my early morning yoga class at 7 a.m.	alarm
I always set an alarm to wake up early on weekends for camping trips.	alarm
Please set the alarm to repeat every Thursday at 7:15 a.m.	alarm
Please set the alarm for my important appointment at 12 p.m.	alarm
Please set the alarm to repeat every Tuesday at 8 a.m.	alarm
I usually set an alarm to wake up early for weekend road trips.	alarm
Set an alarm for 10 minutes to remind me to check the laundry.	alarm
I need to set an alarm for my early morning bike ride tomorrow.	alarm
Can you set the alarm on my smart speaker for my morning routine tomorrow at 6 a.m.?	alarm
Can you set an alarm on my phone for my important phone interview at 3 p.m.?	alarm
Set the alarm to repeat every day at the same time.	alarm
Please set the alarm for my early morning flight at 7 a.m.	alarm
Can you help me set an alarm for my dentist appointment?	alarm
Set the alarm for my favorite podcast at 9 p.m.	alarm
Can you help me set an alarm on my smart speaker for my morning playlist?	alarm
Please set the alarm to vibrate and display a motivational message.	alarm
I need to set an alarm to remind me to take my medication at 8 a.m.	alarm
Please set the alarm to vibrate and play a soothing melody.	alarm
I always set an alarm for important meetings or appointments.	alarm
I always set my alarm 10 minutes before my morning workout to prepare mentally.	alarm
Please set the alarm to repeat every Monday at 9 a.m.	alarm
Set an alarm to remind me to pick up the kids from school at 3:45 p.m.	alarm
I set an alarm to remind me to take breaks while working.	alarm
Set the alarm for my conference call at 12:30 p.m.	alarm
Can you help me set an alarm on my smart speaker for my morning playlist tomorrow at 6:15 a.m.?	alarm
Can you help me set an alarm on my smartwatch for my medication schedule tomorrow?	alarm
Can you set the alarm on my fitness tracker for my yoga session at 6 p.m.?	alarm
Please set the alarm for my early morning flight at 6 a.m.	alarm
Please set the alarm to vibrate and display a positive affirmation.	alarm
Set an alarm to remind me to water the plants at 5:30 p.m.	alarm
Set the alarm for my favorite TV show at 8 p.m.	alarm
Can you set an alarm to remind me to drink water every hour during the day?	alarm
Can you set the alarm to gradually increase the brightness?	alarm
I need to set an alarm for my early morning bike ride tomorrow at 5:30 a.m.	alarm
Can you set the alarm to gradually increase the alarm sound?	alarm
Can you set the alarm on my bedside clock?	alarm
Can you set an alarm to remind me to pick up groceries at 4 p.m.?	alarm
Set an alarm to remind me to take my vitamins at 7 a.m.	alarm
Set an alarm to remind me to turn off the oven in 30 minutes.	alarm
I usually set my alarm to go off 5 minutes before my alarm clock.	alarm
I need to set the alarm for my flight tomorrow morning.	alarm
Set an alarm to wake me up with a soft melody.	alarm
Set an alarm to remind me to feed the pets at 6 p.m.	alarm
Can you help me set an alarm for my gym session?	alarm
Please set the alarm to repeat every Tuesday at 9:45 a.m.	alarm
Can you set the alarm on my fitness tracker for my yoga session at 5 p.m.?	alarm
Please set the alarm for my early morning flight at 6:30 a.m.	alarm
Please set the alarm for my important phone call at 3 p.m.	alarm
Can you set an alarm for my dentist appointment next week at 9:30 a.m.?	alarm
Set the alarm for my online meeting at 9:30 a.m.	alarm
Please set the alarm to vibrate and display an inspiring message.	alarm
I always set an alarm to wake up early on weekends.	alarm
Set an alarm to remind me to water the plants at 5 p.m.	alarm
I always set an alarm to wake up before everyone else in the house.	alarm
I always set an alarm to wake up before the alarm clock rings.	alarm
I need to set an alarm for my early morning bike ride tomorrow at 6 a.m.	alarm
Please set the alarm to vibrate and display a motivational quote.	alarm
I always set an alarm to wake up for important events.	alarm
I usually set an alarm to wake up before the alarm clock.	alarm
I usually set my alarm to snooze a couple of times before getting up.	alarm
I always set an alarm to wake up early for special events.	alarm
Set an alarm for 15 minutes before the meeting starts.	alarm
I always set an alarm to wake up before the sunrise on weekends for photography.	alarm
Set the alarm for my online meeting at 10 a.m.	alarm
Please set the alarm to repeat every Friday at 8:15 a.m.	alarm
Set the alarm to vibrate instead of making a sound.	alarm
I usually set an alarm to wake up before everyone else in the house.	alarm
I usually set an alarm to wake up before the rest of the household.	alarm
I usually set an alarm to wake up early for hiking trips.	alarm
I usually set an alarm to wake up early for weekend beach trips.	alarm
I need to set the alarm to wake me up in the morning.	alarm
Set the alarm for my online meeting at 11 a.m.	alarm
Set an alarm for 20 minutes to remind me to check the oven.	alarm
I always set an alarm to wake up before sunrise.	alarm
I usually set an alarm to wake up before the rest of the household wakes up.	alarm
Can you set an alarm on my phone for my important phone interview?	alarm
I always set an alarm to wake up early for road trips.	alarm
Please set the alarm for 8 a.m. sharp.	alarm
Set an alarm for 30 minutes to remind me to start cooking.	alarm
Set the alarm for my favorite radio show at 7 p.m.	alarm
Can you help me set an alarm for my dentist appointment next week at 8 a.m.?	alarm
Set an alarm to remind me to turn off the oven in 5 minutes.	alarm
I usually set my alarm to go off 5 minutes before my regular alarm clock.	alarm
I need to set an alarm for my morning meditation and gratitude practice.	alarm
Can you help me set an alarm on my phone for my important event in the evening?	alarm
Can you set an alarm on my phone for my important phone interview at 2 p.m.?	alarm
Set an alarm for 30 minutes to remind me to check the mail.	alarm
Can you set the alarm to gradually increase the volume of the alarm sound?	alarm
Please set the alarm to vibrate and display a motivational quote.	alarm
Set an alarm for 35 minutes to remind me to leave for the meeting.	alarm
Please set the alarm for my morning meditation session.	alarm
Can you help me set an alarm on my smartwatch for my appointment?	alarm
I usually set my alarm 20 minutes before I have to get ready.	alarm
Set the alarm to play my favorite song as the wake-up sound.	alarm
Set an alarm for 15 minutes to remind me to check the pasta on the stove.	alarm
Please set the alarm for my important presentation at 10:30 a.m.	alarm
Please set the alarm for my important appointment at 1 p.m.	alarm
Set an alarm to remind me to water the garden at 7 p.m.	alarm
Set an alarm to remind me to pick up the kids from school at 4:15 p.m.	alarm
Can you help me set an alarm on my smartwatch?	alarm
Please set the alarm to repeat every Saturday at 8 a.m.	alarm
I usually set my alarm to snooze a couple of times before getting up.	alarm
Please set the alarm for my early morning meeting at 7:15 a.m.	alarm
Set an alarm to remind me to take my vitamins at 8 a.m.	alarm
Can you set an alarm to remind me to take my lunch break?	alarm
Please set the alarm for my early morning flight at 8 a.m.	alarm
Can you help me set an alarm for my online class?	alarm
Please set the alarm to vibrate and display the weather forecast.	alarm
Set an alarm to remind me to take my medication at 9 p.m.	alarm
Please set the alarm for my important presentation at 9 a.m.	alarm
Set an alarm to remind me to turn off the oven in 5 minutes.	alarm
Can you help me set an alarm for my dentist appointment next week at 9 a.m.?	alarm
Please set the alarm to repeat every Tuesday at 9 a.m.	alarm
Please set the alarm for my early morning meeting at 7:45 a.m.	alarm
Set a reminder for me to wake up at 6 o'clock.	alarm
Please set the alarm to repeat every Thursday at 7:30 a.m.	alarm
Please set the alarm to repeat every weekday at 7 a.m.	alarm
Set an alarm to wake me up with a peaceful nature sound.	alarm
Set the alarm for my conference call at 1:15 p.m.	alarm
Please set the alarm to repeat every Friday at 8:30 a.m.	alarm
I always set an alarm to wake up early on weekends for hiking.	alarm
Set an alarm for 25 minutes to remind me to check the mail.	alarm
Please set the alarm to repeat every Thursday at 7:45 a.m.	alarm
I need to set an alarm to remind me to take my allergy medication at 9 p.m.	alarm
Can you set an alarm on my phone for my important event?	alarm
Set an alarm to wake me up with a calming melody.	alarm
Please set the alarm to vibrate and display a positive affirmation.	alarm
Can you help me set an alarm for my yoga class tomorrow?	alarm
I need to set an alarm for my morning mindfulness session.	alarm
Set an alarm to remind me to water the plants in the evening.	alarm
I set an alarm every day to make sure I don't oversleep.	alarm
Please set the alarm for my important video call at 2 p.m.	alarm
I need to set an alarm to remind me of my doctor's appointment.	alarm
Set an alarm for 12 minutes to remind me to check the pasta on the stove.	alarm
Set an alarm to remind me to turn off the oven in 10 minutes.	alarm
Set the alarm for my favorite TV series at 10 p.m.	alarm
I always set an alarm to wake up early for important events.	alarm
Set an alarm to remind me to water the garden in the evening at 7 p.m.	alarm
Set an alarm to remind me to turn off the stove in 15 minutes.	alarm
I always set multiple alarms to make sure I wake up on time.	alarm
Can you set the alarm on my smart speaker for my morning routine?	alarm
I need to set an alarm for my early morning flight.	alarm
Set the alarm for my online meeting at 10:45 a.m.	alarm
Set an alarm to remind me to water the garden in the evening at 6 p.m.	alarm
Can you help me set an alarm on my smartwatch for my medication schedule?	alarm
Can you help me set an alarm on my smart speaker for my morning playlist tomorrow?	alarm
Please set the alarm to repeat every Monday at 9:30 a.m.	alarm
I always set my alarm 10 minutes before my morning workout.	alarm
Can you set the alarm on my smart speaker for my morning routine tomorrow at 5:30 a.m.?	alarm
I always set an alarm to wake up before the sunrise on weekends.	alarm
Can you help me set the alarm on my smart speaker?	alarm
Can you set the alarm to gradually increase the alarm volume?	alarm
I usually set an alarm when I have to catch an early bus.	alarm
Please set the alarm to repeat every Thursday at 7 a.m.	alarm
Can you set the alarm on my smartwatch to track my sleep?	alarm
Please set the alarm for my early morning yoga class at 6:45 a.m.	alarm
I need to set an alarm to remind me to take my medication at 7 a.m.	alarm
I usually set an alarm to wake up before the alarm clock rings in the morning.	alarm
Set an alarm for 25 minutes to remind me to check the mail.	alarm
Set an alarm to wake me up with a gentle song.	alarm
Set the alarm for my conference call at 10:30 a.m.	alarm
I usually set an alarm to wake up before the alarm clock rings in the morning.	alarm
Can you set an alarm to remind me to take a walk every evening?	alarm
Can you help me set an alarm for my dentist appointment next week?	alarm
I like to set an alarm as a backup in case my regular alarm fails.	alarm
Can you set the alarm for 8:30?	alarm
I need to set an alarm to remind me to take my allergy medication at night.	alarm
Please set the alarm for 30 minutes so I can take a power nap.	alarm
Set the alarm for my favorite radio show at 7 p.m.	alarm
Set an alarm to remind me to water the plants at 6 p.m.	alarm
Set an alarm to remind me to water the garden in the evening at 6:30 p.m.	alarm
Set the alarm for my video conference call at 2:30 p.m.	alarm
Please set the alarm to repeat every Tuesday at 9:30 a.m.	alarm
I always set my alarm 10 minutes before my morning workout to prepare mentally.	alarm
Please set the alarm for my early morning yoga class at 6:30 a.m.	alarm
Set the alarm for 5 minutes from now.	alarm
Please set the alarm for my important appointment at 2 p.m.	alarm
Please set the alarm for my early morning yoga class at 6:30 a.m.	alarm
Set an alarm for 25 minutes to remind me to check the mail.	alarm
Please set the alarm for my early morning meeting at 8 a.m.	alarm
Can you help me set an alarm for my online lecture tomorrow at 9 a.m.?	alarm
Can you set the alarm to gradually increase in volume?	alarm
Can you set an alarm to remind me to take a break every hour?	alarm
How about playing the song 'Crazy For You'?	music
Let's enjoy some music.	music
Initiate playback of the 'Smooth Jazz' playlist.	music
Let's get into the groove with some Taylor Swift songs.	music
Can we have some music? How about starting with 'Rolling in the Deep'?	music
It's time to jam out to some Taylor Swift music.	music
Tune in to some beats.	music
Commence playing the collection of smooth jazz songs.	music
The song titled 'Rolling in the Deep'	music
Let's hear some music!	music
It would be great if we could listen to some of Taylor Swift's hits.	music
How about we enjoy some Taylor Swift melodies?	music
I'm in the mood for 'Crazy For You', can you play it for me?	music
The song I am interested in hearing is 'Rolling in the Deep'	music
I have a craving for 'Rolling in the Deep'	music
Activate the audio.	music
Would it be possible to listen to 'Crazy For You' right now?	music
Let's kick off a playlist of Taylor Swift hits.	music
I think some music would be nice.	music
Let's enjoy some melodies from Taylor Swift.	music
Let's hear some music, how about starting with 'Crazy For You'?	music
Let's hear some melodies.	music
Let's kick off some music.	music
Listen to some tunes.	music
Hear some harmonies.	music
Let's rock out to some music.	music
Could you recommend some Chinese songs for me to listen to?	music
May I request that you play the track 'Crazy For You'?	music
Let's have some musical entertainment.	music
Put on some Taylor Swift jams.	music
I'm in the mood for some Taylor Swift music, can you play it?	music
I'm in the mood for some music that's making waves on the Billboard list.	music
I'm in the mood for 'Rolling in the Deep', could you start it?	music
Put on some Taylor Swift tracks.	music
Let's listen to some music from Taylor Swift.	music
How about we play some music?	music
Play some tracks for me, please.	music
I would like to listen to some Chinese music, can you suggest a playlist?	music
Would you mind putting on the 'Crazy For You' album for me to hear?	music
I'm in the mood for some Taylor Swift songs.	music
Queue up some Taylor Swift jams, please.	music
Let's turn up the volume and enjoy some Taylor Swift tunes.	music
Turn on the Taylor Swift playlist, please.	music
Can we have some music playing?	music
Could you put on 'Rolling in the Deep' for me?	music
Set the mood with some music.	music
Could you please play some of Taylor Swift's tracks?	music
Can you recommend a list of popular Chinese songs to listen to?	music
The famous track called 'Rolling in the Deep'	music
I'm in the mood for some tunes, could you play the 'Crazy For You' album?	music
The record labeled as 'Rolling in the Deep'	music
Play a song	music
Let's get some music going.	music
Let's enjoy some melodies by Taylor Swift.	music
I am keen on hearing 'Rolling in the Deep'	music
A popular music track titled 'Rolling in the Deep'	music
Would you mind putting on the 'Crazy For You' album for me to enjoy?	music
How about we start the music?	music
Let's put on some tunes by Taylor Swift.	music
The chart-topping song known as 'Rolling in the Deep'	music
Let's boogie to some music.	music
It's time to get the music started.	music
Can you play some music for us?	music
I want to hear some traditional Chinese music, can you play a playlist for me?	music
May I request that you play 'Rolling in the Deep'?	music
Begin playing the smooth jazz playlist.	music
A well-known piece of music titled 'Rolling in the Deep'	music
How about we play some of Taylor Swift's hits?	music
Could you begin playing the tracks in my music archive?	music
Launch the playlist called 'Smooth Jazz'.	music
Play some audio tracks.	music
I'm in the mood for some Chinese music, can you play a selection of songs?	music
Commence playing songs by the talented artist, Taylor Swift.	music
The track named 'Rolling in the Deep'	music
The catchy tune known as 'Rolling in the Deep'	music
Can you please put on some of the songs from my music collection?	music
Enjoy some of Taylor Swift's melodies.	music
Can we have some Taylor Swift songs playing?	music
I'd like to listen to the album 'Crazy For You', can you play it?	music
Put on some jams.	music
Fill the room with music.	music
Let's hear some music.	music
Turn on the Taylor Swift playlist.	music
Activate the sound system for music.	music
Let's get the party started with some music.	music
It would be great if we could listen to some music by Taylor Swift.	music
A musical composition known as 'Rolling in the Deep'	music
The tune called 'Rolling in the Deep'	music
Activate the 'Smooth Jazz' playlist to play.	music
Tune in to some of Taylor Swift's melodies.	music
Jam out to some tunes.	music
Can we turn on some music?	music
Fill the air with music.	music
Hit play on the music.	music
Let's enjoy some music, how about starting with 'Crazy For You'?	music
Time for some musical entertainment.	music
How about we play some tracks from Taylor Swift?	music
Let's have a musical session.	music
Play some jams.	music
Commence the musical entertainment.	music
I'd love to hear some authentic Chinese music, could you play a mix of different genres?	music
Start the music playing.	music
I'd love to hear Adele's 'Rolling in the Deep', could you play it for me?	music
Activate the music player.	music
Let's groove to some music.	music
I'm in the mood for some tunes, can we listen to the 'Crazy For You' album?	music
Go to music.	music
Let's hear some tunes from Taylor Swift.	music
Begin streaming Taylor Swift's music.	music
Let's listen to 'Crazy For You', can you play it for me?	music
Can you start playing my music library?	music
Can we listen to songs that are currently topping the Billboard charts?	music
The hit single called 'Rolling in the Deep'	music
Let's dance to some music.	music
Begin the musical playlist.	music
Set the mood with some songs.	music
Launch the playlist named 'Smooth Jazz'.	music
How about we kick off our listening session with the 'Crazy For You' album?	music
It's time for some music.	music
Play some beats.	music
I would like to listen to some Chinese music, can you play a playlist?	music
Get ready to groove to some Taylor Swift tunes.	music
I'm interested in exploring Chinese music, can you play a variety of songs for me?	music
Can we jam out to some music?	music
Can you queue up some Taylor Swift tunes?	music
I'm feeling like some music.	music
How about playing the song 'Crazy For You' for us?	music
How about we turn on some music?	music
Could you play Adele's song 'Rolling in the Deep' for me?	music
Put on some Taylor Swift music.	music
Enjoy some musical sounds.	music
Play some tunes.	music
Can we listen to 'Rolling in the Deep'? It's one of my favorite songs.	music
Get lost in the rhythm of music.	music
Let's kick back and listen to some music.	music
Let's blast some music.	music
It would be great if we could listen to the entire 'Crazy For You' album, could you play it now?	music
An audio piece referred to as 'Rolling in the Deep'	music
The chart-topping song 'Rolling in the Deep'	music
Groove to some rhythms.	music
Let's listen to some tunes by Taylor Swift.	music
A song famously known as 'Rolling in the Deep'	music
Is there a specific playlist of Chinese songs that you could play for me?	music
Let's listen to some Taylor Swift tracks.	music
Activate the playlist.	music
How about we listen to some songs by Taylor Swift?	music
The melody referred to as 'Rolling in the Deep'	music
Set the mood with some melodies.	music
Let's listen to the 'Crazy For You' album, can you play it for me?	music
How about we listen to some music?	music
Let's listen to some music.	music
Begin playing the playlist titled 'Smooth Jazz'.	music
Could you put on some music from the current Billboard rankings?	music
Get the music going!	music
I've been wanting to listen to 'Crazy For You', could you play it for me now?	music
Can you create a queue of Chinese songs for me to listen to?	music
Queue up some songs by Taylor Swift.	music
May I request that you play the album titled 'Crazy For You', please?	music
Let the music play.	music
Could you please play the track 'Crazy For You'?	music
Let's listen to some Taylor Swift songs.	music
I'm in the mood for some Taylor Swift music.	music
Can we have some background music?	music
Tune in to some rhythms.	music
Tune in to some music.	music
Stream some tunes by Taylor Swift.	music
Blast some tunes.	music
Can you please start playing 'Rolling in the Deep'?	music
I'm in the mood for some music.	music
May I request that you play the album titled 'Crazy For You'?	music
Can you please play the Billboard chart?	music
I'd love to hear some traditional and modern Chinese music, could you play a mix of both?	music
Can we have a rendition of the song 'Crazy For You' please?	music
It would be great if you could play the song called 'Crazy For You'.	music
Playing 'Rolling in the Deep' would make me happy	music
Play some tunes by Taylor Swift.	music
Can you curate a collection of top-rated Chinese songs for me?	music
Activate the playlist named 'Smooth Jazz'.	music
Hey, could you play that song by Adele called 'Rolling in the Deep'?	music
I want to hear some of Taylor Swift's hits, can you play them?	music
The music that appeals to me right now is 'Rolling in the Deep'	music
Can you put on some Taylor Swift music?	music
I'm in the mood for 'Crazy For You', could you play it?	music
Would it be possible to play 'Rolling in the Deep' right now?	music
The song I'm interested in hearing is 'Rolling in the Deep'	music
Can we have some music, please?	music
Could you put together a mix of contemporary Chinese songs for me to listen to?	music
Begin playing the 'Smooth Jazz' playlist.	music
Activate the 'Smooth Jazz' playlist for listening.	music
Let's listen to 'Rolling in the Deep', can you put it on?	music
Initiate the 'Smooth Jazz' playlist.	music
Could you start playing the 'Crazy For You' album, please?	music
Can we listen to the most popular songs according to Billboard?	music
Can you please play some Taylor Swift songs?	music
It's time to listen to some music.	music
Shall we turn on some tunes from Taylor Swift?	music
I want to hear the songs in my own music compilation, can you play them?	music
I'd like to listen to my personal music collection, can you play it?	music
How about playing some hits from the Billboard chart?	music
Let's have a musical experience.	music
I'm interested in listening to some Chinese songs, do you have any suggestions?	music
Could you put on some tracks by Taylor Swift?	music
Can you put on some music?	music
Would you mind putting on 'Rolling in the Deep' by Adele?	music
Shall we play some music?	music
Can you please play a list of Chinese songs?	music
I'd love to hear some of Taylor Swift's music right now.	music
A popular tune titled 'Rolling in the Deep'	music
Can we put on some Taylor Swift tracks?	music
Could you put on the track 'Crazy For You'?	music
Would it be possible for you to play the song 'Crazy For You'?	music
Hey, can you start playing that awesome album called 'Crazy For You'?	music
It would be great if I could listen to 'Rolling in the Deep'	music
Commence streaming the 'Smooth Jazz' playlist.	music
Can you put on some Taylor Swift tunes?	music
How about we rock out to some music?	music
Jam out to some melodies.	music
Let's turn up the music.	music
Fill the air with melodies.	music
The hit single 'Rolling in the Deep'	music
It would be great if we could hear 'Rolling in the Deep', can you put it on?	music
Can you put on the record 'Crazy For You'?	music
It would be awesome if we could listen to 'Rolling in the Deep'	music
I want to hear some of Taylor Swift's music, please.	music
An acclaimed melody named 'Rolling in the Deep'	music
Get the music going.	music
Groove to some melodies.	music
Put on some songs.	music
Put on some music.	music
I want to listen to Adele's song, can you play 'Rolling in the Deep'?	music
Start the music.	music
I'd love to hear some music by Taylor Swift right now.	music
Blast some tunes from Taylor Swift's discography.	music
Turn on some melodies	music
Please play a selection of songs by Taylor Swift.	music
Can we have a rendition of 'Crazy For You' please?	music
Enjoy the sounds of Taylor Swift's music.	music
How about we rock out to some of Taylor Swift's greatest hits?	music
Hey, can we listen to the album called 'Crazy For You'?	music
I think it's time for us to jam out to some Taylor Swift jams!	music
It would be great if we could listen to the 'Crazy For You' album, can you put it on?	music
Let's enjoy some music and start with Adele's popular track, 'Rolling in the Deep'.	music
I would like to hear 'Crazy For You', can you play it?	music
I'm in the mood for some 'Rolling in the Deep', can you play it?	music
Turn on music.	music
I'm interested in listening to some traditional Chinese music, do you have any suggestions?	music
I have a bunch of songs saved, could you start playing them now?	music
I would like to play 'Rolling in the Deep'	music
Let's get the music going, shall we?	music
Could you please play some music by Taylor Swift?	music
A popular tune called 'Rolling in the Deep'	music
Can we have a playlist of Taylor Swift songs, please?	music
Let's enjoy some music, how about starting with 'Rolling in the Deep' by Adele?	music
Let's have a music session.	music
Let's vibe to some music.	music
Hear some rhythms.	music
Can we have some music? How about playing the 'Crazy For You' album?	music
Blast some Taylor Swift hits.	music
Could you put on some Chinese songs for me to enjoy?	music
My preference is for 'Rolling in the Deep' to be played	music
Fill the air with musical notes.	music
The chart-topping song named 'Rolling in the Deep'	music
I would like to listen to music by Taylor Swift.	music
Please start playing Adele's hit song, 'Rolling in the Deep'.	music
Get ready for a musical experience.	music
I would like to listen to the top songs on the Billboard list.	music
Let's listen to 'Rolling in the Deep', can you play it?	music
Queue up some songs from Taylor Swift.	music
Can you curate a list of popular Chinese songs for me to listen to?	music
I am in the mood for listening to 'Rolling in the Deep'	music
Playing 'Rolling in the Deep' would be great	music
Let's get the music going.	music
I'm in the mood for some tunes from the latest Billboard list.	music
The melody titled 'Rolling in the Deep'	music
Let's listen to 'Rolling in the Deep', shall we?	music
Let's listen to some Taylor Swift tunes.	music
Let's put some music on.	music
Tune in to the sounds of Taylor Swift's music.	music
Rolling in the Deep' is what I want to listen to	music
Blast some beats.	music
I'd love to hear some music.	music
Can you perform the song 'Crazy For You'?	music
The number one hit song 'Rolling in the Deep'	music
Can we put on 'Rolling in the Deep'?	music
Time to start playing songs by Taylor Swift.	music
My desire is to hear 'Rolling in the Deep'	music
Can you put on some Chinese music for me to enjoy?	music
Commence the musical experience.	music
Set the mood with some tunes.	music
The piece of music titled 'Rolling in the Deep'	music
How about we crank up the music?	music
Can we add some Taylor Swift tracks to our playlist?	music
Play some tracks.	music
I want to hear what everyone is listening to right now, according to Billboard.	music
I'd love to hear some of Taylor Swift's music, can you play it for me?	music
I want to hear some music that made it onto this week's Billboard list, can you play it?	music
I would like to hear 'Rolling in the Deep', can you play it?	music
Sing a song.	music
How about we enjoy some of Taylor Swift's melodies?	music
Set the mood with music.	music
How to make a homemade fruit salad	other
Instructions for assembling a model airplane	other
How to sew a button onto a shirt	other
How to make a delicious homemade smoothie bowl	other
Tips for training a new puppy	other
Tips for improving your leadership skills	other
Techniques for improving your time management skills	other
Tips for improving your negotiation skills	other
Tips for improving your teamwork skills	other
Techniques for improving your creativity skills	other
How to make a homemade smoothie bowl	other
Tips for improving your problem-solving skills	other
Tips for improving your problem-solving skills	other
How to play a basic drum beat	other
How to make a refreshing homemade lemonade	other
Techniques for improving your time management skills	other
How to make a homemade natural insect repellent	other
Instructions for assembling a model car	other
How to play a basic guitar solo	other
Tips for improving your teamwork skills	other
Instructions for assembling a model car	other
Instructions for assembling a model train set	other
Instructions for building a model airplane	other
How to play a basic ukulele melody	other
Steps for troubleshooting a malfunctioning computer monitor	other
How to make a delicious homemade smoothie	other
How to make a refreshing homemade lemonade	other
Instructions for assembling a model car	other
Instructions for building a model rocket	other
Techniques for improving your problem-solving skills	other
How to make a homemade smoothie bowl	other
Steps for planting and maintaining a vegetable garden	other
Tips for finding the perfect gift for someone	other
Instructions for assembling a model car	other
Tips for improving your leadership skills	other
Techniques for improving your time management skills	other
Techniques for improving your decision-making skills	other
Steps to make a homemade face mask	other
Steps for properly cleaning and maintaining a laptop	other
How to make a homemade fruit smoothie	other
How to make a homemade guacamole	other
Techniques for improving your critical thinking skills	other
Steps for properly cleaning and maintaining a camera lens	other
Instructions for building a model rocket	other
Tips for improving your public speaking skills	other
Instructions for assembling a model car	other
Techniques for improving your decision-making skills	other
How to play a basic guitar solo	other
How to play a basic piano melody	other
How to make a homemade face cleanser	other
How to bake a chocolate cake from scratch	other
Techniques for reducing stress and promoting relaxation	other
Instructions for building a model ship	other
Instructions for building a model ship	other
Instructions for assembling a puzzle	other
Tips for starting a successful small business	other
Steps for troubleshooting a frozen tablet screen	other
How to knit a scarf	other
How to make a refreshing homemade iced coffee	other
Steps for troubleshooting a malfunctioning printer	other
How to play a basic drum fill	other
Tips for improving your problem-solving skills	other
Steps for troubleshooting a weak Wi-Fi signal	other
Instructions for assembling a computer	other
Instructions for building a model airplane	other
Steps for properly cleaning and maintaining a laptop	other
Instructions for assembling a model train set	other
Techniques for painting a room without streaks	other
How to make a homemade facial mask	other
How to make a homemade natural cleaning spray	other
Instructions for building a model ship	other
Techniques for improving your decision-making skills	other
Instructions for assembling a puzzle	other
Tips for improving your problem-solving skills	other
Techniques for improving your creativity skills	other
How to make a homemade salsa	other
Steps for troubleshooting a frozen computer screen	other
Techniques for improving your problem-solving skills	other
How to make a homemade salad dressing	other
Tips for improving your project management skills	other
Techniques for improving your communication skills	other
Tips for improving your decision-making skills	other
Tips for improving your leadership skills	other
Tips for improving your decision-making skills	other
Instructions for assembling a model helicopter	other
Steps for troubleshooting a malfunctioning printer	other
How to make a homemade salsa	other
Instructions for building a model rocket	other
Techniques for improving your handwriting	other
Tips for improving your project management skills	other
Instructions for building a model airplane	other
Tips for improving your leadership skills	other
Tips for improving your problem-solving skills	other
Tips for improving your problem-solving skills	other
Steps for troubleshooting a malfunctioning tablet	other
How to play a basic piano melody	other
How to play a basic drum beat	other
Instructions for building a model airplane	other
Steps for troubleshooting a malfunctioning smartphone	other
How to make a homemade salad dressing	other
How to make a homemade facial moisturizer	other
How to make a healthy salad	other
Steps for changing a flat tire on a car	other
Techniques for improving your creativity skills	other
Tips for improving your project management skills	other
Tips for improving your leadership skills	other
How to make a delicious homemade salsa	other
How to make a delicious homemade salsa	other
Steps for troubleshooting a malfunctioning printer	other
How to play a basic guitar chord	other
How to make a homemade natural cleaning solution	other
Techniques for improving your communication skills	other
How to properly fold and store clothes	other
Instructions for building a model airplane	other
Instructions for creating a budget-friendly meal plan	other
Steps for troubleshooting a slow smartphone	other
How to play a basic drum fill	other
Tips for taking care of indoor plants	other
Techniques for improving your problem-solving skills	other
Steps for troubleshooting a frozen computer screen	other
Instructions for building a model ship	other
Steps for properly cleaning and maintaining a tablet	other
Techniques for improving your problem-solving skills	other
Steps for troubleshooting a slow smartphone	other
Techniques for improving your photography skills	other
How to play a basic guitar riff	other
Techniques for improving your drawing skills	other
How to make a refreshing homemade iced tea	other
How to make a homemade fruit salad	other
Tips for improving your public speaking skills	other
Techniques for improving your decision-making skills	other
Instructions for assembling a model train set	other
Steps for troubleshooting a frozen laptop screen	other
Instructions for assembling a model helicopter	other
Tips for improving your project management skills	other
Techniques for improving your communication skills	other
Instructions for assembling a model helicopter	other
Tips for improving your public speaking skills	other
Tips for improving your posture	other
Instructions for assembling a model train set	other
Techniques for improving your problem-solving skills	other
Steps for troubleshooting a frozen computer screen	other
Steps for properly cleaning and maintaining a smartphone	other
Tips for improving your public speaking skills	other
Tips for improving your leadership skills	other
Tips for improving your teamwork skills	other
Steps for properly cleaning and maintaining a gaming console	other
Steps for troubleshooting a malfunctioning tablet	other
Techniques for improving your critical thinking skills	other
Tips for improving your teamwork skills	other
Steps for properly cleaning and maintaining a laptop	other
How to make a homemade body scrub	other
Instructions for assembling a model train set	other
Steps for troubleshooting a malfunctioning computer monitor	other
Instructions for assembling a model car	other
How to play a basic ukulele melody	other
How to play a basic drum beat	other
Techniques for improving your creativity skills	other
How to make a homemade natural hand sanitizer	other
Steps for troubleshooting a weak cellphone signal	other
Tips for improving your decision-making skills	other
Techniques for improving your public speaking skills	other
Tips for improving your problem-solving skills	other
How to make a delicious homemade salsa	other
How to make a homemade salsa	other
Tips for improving your decision-making skills	other
Instructions for assembling a bicycle	other
Techniques for improving your communication skills	other
Techniques for improving your problem-solving skills	other
Steps for troubleshooting a weak Wi-Fi signal	other
Instructions for assembling a model helicopter	other
Instructions for building a model rocket	other
Techniques for improving your time management skills	other
Tips for improving your leadership skills	other
Steps for troubleshooting a malfunctioning tablet	other
How to play a basic guitar solo	other
Steps for properly cleaning and maintaining a tablet	other
Instructions for building a model rocket	other
Steps for troubleshooting a slow internet speed	other
Instructions for building a model rocket	other
Instructions for building a model ship	other
Tips for improving your project management skills	other
Techniques for improving your creativity skills	other
How to make a delicious homemade smoothie	other
Steps for troubleshooting a slow internet connection	other
Techniques for improving your communication skills	other
Instructions for building a model ship	other
How to make a homemade salad dressing	other
Steps for properly cleaning and maintaining a car	other
Techniques for improving your critical thinking skills	other
Steps for properly cleaning and maintaining a bicycle	other
Techniques for improving your critical thinking skills	other
Tips for improving your decision-making skills	other
Techniques for improving your problem-solving skills	other
Tips for improving your decision-making skills	other
Techniques for improving your critical thinking skills	other
Instructions for assembling a bookshelf	other
Tips for improving your time management skills	other
How to make a homemade natural cleaning spray	other
How to properly clean and maintain leather furniture	other
Techniques for improving your memory	other
Tips for improving your project management skills	other
Tips for improving your teamwork skills	other
Techniques for improving your decision-making skills	other
Tips for improving your project management skills	other
How to make a homemade fruit smoothie	other
Tips for improving your decision-making skills	other
Steps for troubleshooting a slow internet connection	other
Steps for troubleshooting common computer problems	other
Instructions for assembling a model car	other
How to make a delicious homemade pizza	other
Techniques for improving your time management skills	other
How to play a basic piano chord	other
Techniques for improving your time management skills	other
Steps for properly cleaning and maintaining a camera	other
Techniques for improving your decision-making skills	other
How to make a homemade body scrub	other
Tips for improving your teamwork skills	other
Instructions for building a model airplane	other
Techniques for improving your time management skills	other
Steps for brewing the perfect cup of coffee	other
Techniques for improving your creativity skills	other
Steps for troubleshooting a frozen tablet screen	other
Techniques for improving your critical thinking skills	other
Instructions for assembling a model helicopter	other
How to make homemade pasta from scratch	other
Tips for organizing your closet	other
Techniques for improving your problem-solving skills	other
Steps for troubleshooting a frozen laptop screen	other
Techniques for improving your cooking skills	other
Tips for improving your project management skills	other
Techniques for creating a budget and sticking to it	other
How to make a healthy smoothie	other
Tips for improving your public speaking skills	other
Steps for troubleshooting a slow internet speed	other
Steps for troubleshooting a slow computer	other
Techniques for improving your decision-making skills	other
How to play a basic piano melody	other
Tips for improving your communication skills	other
Techniques for improving your communication skills	other
How to make a refreshing homemade iced coffee	other
Techniques for improving your golf swing	other
Steps for properly cleaning and maintaining a laptop	other
How to make a homemade body scrub	other
Techniques for improving your decision-making skills	other
How to make a homemade face toner	other
Steps for troubleshooting a weak cellphone signal	other
Steps for properly cleaning and maintaining a musical instrument	other
Instructions for assembling a model car	other
How to make a delicious homemade smoothie	other
Steps for properly cleaning and maintaining a gaming console	other
How to make a homemade candle	other
How to make a homemade natural hand sanitizer	other
How to properly sharpen kitchen knives	other
Steps for changing the oil in a car	other
Techniques for improving your communication skills	other
Instructions for assembling a model helicopter	other
Tips for organizing and decluttering your home	other
Tips for improving your problem-solving skills	other
Instructions for building a birdhouse	other
How to make a homemade facial mask	other
Techniques for improving your critical thinking skills	other
Tips for improving your teamwork skills	other
How to play a basic ukulele chord	other
Techniques for improving your problem-solving skills	other
How to make a delicious homemade smoothie bowl	other
Instructions for assembling a model helicopter	other
How to tie different types of knots	other
How to make a homemade facial mask	other
Tips for improving your decision-making skills	other
Steps for troubleshooting a slow internet connection	other
Steps for troubleshooting a weak Wi-Fi signal	other
Instructions for assembling a model train set	other
How to play a basic guitar riff	other
Tips for improving your leadership skills	other
Instructions for building a model ship	other
Instructions for building a model rocket	other
Tips for starting a successful blog	other
How to make a homemade fruit smoothie	other
Steps for properly cleaning and maintaining a smartphone	other
Steps for properly cleaning and maintaining a laptop	other
How to make a delicious homemade soup	other
How to make a homemade natural insect repellent	other
How to make a homemade smoothie bowl	other
Techniques for improving your critical thinking skills	other
Steps for properly cleaning and maintaining a smartphone	other
Instructions for building a model rocket	other
Instructions for assembling a model helicopter	other
Instructions for assembling a model train set	other
Steps for troubleshooting a slow smartphone	other
How to make a homemade natural insect repellent	other
How to make a DIY face scrub using natural ingredients	other
Techniques for improving your time management skills	other
How to make a homemade face toner	other
Steps for properly cleaning and maintaining a camera lens	other
Instructions for building a model ship	other
Instructions for assembling a model train set	other
Tips for improving your teamwork skills	other
How to make a homemade guacamole	other
Tips for improving your public speaking skills	other
What's the temperature like right now?	weather
Do I need extra skin protection from the sun today?	weather
Can you provide a detailed weather outlook for the next three days?	weather
Has there been any hail reported recently?	weather
Can you provide me with the present temperature?	weather
How many inches of precipitation have we received this month so far?	weather
Will there be any heatwaves or cold snaps coming up in [area]?	weather
What is the wind speed and direction expected to be over the next ten days?	weather
Can you suggest if I should wear a jacket based on tomorrow's weather?	weather
Do I need to have an umbrella handy considering today's weather?	weather
How is the weather tomorrow?	weather
Could you provide me with the current outdoor temperature?	weather
What's the weather going to be like in the upcoming days?	weather
What's the outlook for the next five days in terms of precipitation?	weather
What is the humidity level right now?	weather
How long will the heatwave last in the Bay area?	weather
Are there any severe weather warnings in effect between noon and 6:00pm tomorrow?	weather
Should I carry an umbrella considering the weather conditions today?	weather
Please inform me about the expected weather conditions at 3 p.m. tomorrow.	weather
Do I need to bring an umbrella with me today?	weather
What's the weather going to be like this weekend?	weather
Can you give me the weather forecast for the next five days?	weather
Can you provide an update on the weather in Rome?	weather
Is there a heatwave warning for Jerusalem?	weather
will I need an umbrella today?	weather
Is it a good idea to visit an amusement park or outdoor festival today based on the weather?	weather
How many layers should I put on for my run today based on the temperature outside?	weather
Is there a heatwave warning for Phoenix this week?	weather
Will there be any thunderstorms in Colombia tonight?	weather
Could you please share the current temperature information?	weather
Can you tell me the current temperature outdoors?	weather
Is the weather conducive to have a barbecue or outdoor cookout today?	weather
Do you recommend antislip gear for my outdoor workout tomorrow morning?	weather
What is the weather for the week?	weather
What is the highest and lowest temperature recorded in this area so far this year?	weather
Do you recommend to protect my eyes from the sun's harmful rays today?	weather
Will it be sunny or rainy for the next five days?	weather
Tell me what the weather will be like at 3 p.m. tomorrow.	weather
Will there be any significant changes in weather patterns over the next two weeks?	weather
Can you provide me with the current temperature update?	weather
Are there any weather warnings or alerts in effect for the area?	weather
Tell me today's weather.	weather
Could you provide information on the air quality index for the region I am in right now?	weather
It would be helpful to have information about the weather during the evening.	weather
Will it be windy in Chicago tomorrow?	weather
How is the weather?	weather
I'd like to know the present temperature reading. 	weather
What is the expected temperature range for the next five days?	weather
Should I consider wearing a jacket for tomorrow's weather?	weather
I want to know the weather at 3 p.m. tomorrow. Please provide the details.	weather
What's the weather going to be like this weekend in Newberry Park, California?	weather
What was the weather like at 3 PM yesterday?	weather
Should I pack an umbrella in case of rain today?	weather
Will there be any thunderstorms today?	weather
How much snow is expected in the UK this week?	weather
What's the weather forecast for New Orleans this weekend?	weather
Would it be a good day for outdoor photography given the weather conditions?	weather
I'd like to know the temperature at this time. 	weather
What's the weather like for playing sports outdoors today?	weather
Will it rain in London tomorrow?	weather
Will there be any precipitation in the forecast?	weather
What should I prepare for weather-wise in the next five days?	weather
Should I dress in layers tomorrow due to the weather conditions?	weather
Check weather for today.	weather
What's the temperature outside at the current moment?	weather
Should I expect any significant weather events in the next seven days?	weather
What's the weather like outside?	weather
Can you provide advice on whether I should wear a jacket tomorrow?	weather
Is there a chance of thunderstorms during this period?	weather
Are there any specific weather conditions that could pose a risk to me or others during my planned run for tomorrow?	weather
Can you provide a summary of the weather conditions for the next five days?	weather
Can you give me an overview of the weather for the next two weeks?	weather
Are there any weather warnings or alerts in effect for this evening?	weather
Would it be wise to carry an umbrella today based on the weather forecast?	weather
Do I need a jacket to stay comfortable tomorrow?	weather
Will it rain in Los Angeles today?	weather
How's the weather tomorrow?	weather
Can you share the present temperature conditions?	weather
Is it going to be a sunny day in Dubai today?	weather
Could you please provide information about the weather during the evening?	weather
Are there any areas that may experience flooding due to heavy rainfall in the upcoming forecast?	weather
Is there a chance of thunderstorms in Houston tonight?	weather
Will it be sunny in Sydney tomorrow?	weather
What is the current temperature outside?	weather
What's the weather like now?	weather
Can you advise if I should bring an umbrella given today's forecast?	weather
I'm curious about the air quality index specifically for the area where I am situated. 	weather
What's the weather?	weather
How hot is it right now?	weather
Can you give me an extended forecast for the next ten days?	weather
How many hours of sunlight can be expected in Norway tomorrow?	weather
Can you share the air quality index for the area where I am currently located?	weather
What's the current weather in Los Angeles?	weather
What can I expect in terms of weather over the next week?	weather
Was there any fog this morning?	weather
What's the temperature outside?	weather
Are there any weather warnings or alerts for Brazil currently?	weather
Has there been any hail reported in Dallas recently?	weather
What's the current temperature outside?	weather
I'd appreciate it if you could provide details on the weather at 3 p.m. tomorrow.	weather
Are there any specific weather conditions that could pose a risk to me or others during my outdoor run (e.g., extreme heat, cold, or high winds)?	weather
Will there be any significant changes in temperature over the next few days?	weather
Can you share the forecast for tomorrow's evening weather?	weather
What was the temperature at 3 PM yesterday?	weather
Is there a chance of snowfall tomorrow?	weather
Can you provide the air quality index pertaining to my local area?	weather
How much precipitation has fallen in Seattle this month?	weather
Should I wear a jacket tomorrow?	weather
Can you tell me the temperature reading outdoors?	weather
What is the expected temperature range for the next few days?	weather
Let me know what to expect for the weather at 3 p.m. tomorrow.	weather
Could you please provide me with the air quality index specific to my location?	weather
Would it be suitable to plan a picnic or outdoor gathering today based on the weather?	weather
What's the weather in New York right now?	weather
Can you provide a day-by-day weather forecast for the next four days?	weather
I'm curious about the temperature at the current time. 	weather
Should I take a raincoat or umbrella on my walk this afternoon?	weather
What is the wind speed and direction expected to be over the next four hours?	weather
What type of jacket should I wear during cold and windy weather?	weather
I'm curious about the weather during the evening hours.	weather
What is the best way to dress for a hike in unpredictable weather conditions?	weather
What's the temperature outside right now? Any details?	weather
Was there any thunderstorm activity in the area today?	weather
How much warmer will it get later in the day?	weather
What's the current temperature reading?	weather
What is the weather forecast for Atlantic City this weekend?	weather
Is it necessary to wear gloves during my run later today?	weather
What's the temperature like at this exact time?	weather
Is it gonna rain today in Sanford?	weather
What is the wind speed in Miami right now?	weather
What was the temperature at noon today?	weather
Tell me the weather conditions during the evening.	weather
Will it rain at any point during the seven-day forecast?	weather
How long will the daylight last today, and what time does sunset occur in my area?	weather
Is it a good day for hiking given the current weather conditions?	weather
Are there any weather warnings or advisories related to extreme temperatures?	weather
Will it be foggy in San Diego tomorrow?	weather
I'm interested in knowing the current outdoor temperature. 	weather
What is the expected humidity level during this time frame?	weather
Are there any weather warnings or alerts currently in effect?	weather
Will there be any fluctuations in temperature over the next few days?	weather
Will there be any thunderstorms in Miami this weekend?	weather
Can you give me an overview of the weather for the upcoming weekend?	weather
Can you provide a detailed weather report for next week's outdoor event?	weather
What is the humidity level in New York currently?	weather
Is it suitable for a picnic today?	weather
Is it necessary to have an umbrella due to the weather today?	weather
Can you provide an update on the weather in New Delhi?	weather
I'd like to know the expected weather conditions at 3 p.m. tomorrow.	weather
How much wind can we expect over the next few days?	weather
Are there any severe weather warnings in effect for the next 48 hours?	weather
What's the forecast for the next seven days?	weather
How much snow is expected to fall tonight?	weather
Can you give me an update on the current temperature?	weather
What's the weather today?	weather
How hot will it be in Ontario tomorrow?	weather
I'm curious about the weather forecast for tomorrow evening. 	weather
Are there any weather warnings or advisories currently active for [area]?	weather
Can you suggest the best time for a leisurely stroll in the park given the weather?	weather
Can you suggest the best time for birdwatching today given the weather?	weather
Will there be any significant changes in weather patterns over the next few days?	weather
What type of shoes are recommended for walking on slippery surfaces during winter?	weather
Is it windy in Doha today?	weather
Are there any tornado warnings in effect for Oklahoma today?	weather
Is there a chance of snow/rain in [city] this week?	weather
Is there a significant difference between the daytime and nighttime temperatures in [location]?	weather
How much rainfall did we receive yesterday?	weather
Do you have any insights on the present temperature?	weather
Can you provide insights on the weather conditions for a day trip or outdoor excursion?	weather
What is the current temperature and humidity level for planning outdoor run?	weather
For the next ten days, can you provide a detailed breakdown of each day's forecast, including sunrise and sunset times?	weather
Will it rain tomorrow morning?	weather
Will there be any significant changes in weather patterns over the next two hours?	weather
Is it going to be a hot day in Miami today?	weather
Is the weather favorable for a round of golf or tennis today?	weather
Are we expected to experience flooding due to heavy rainfall after 5:00 pm today?	weather
Are there any high winds expected in the area?	weather
I'm curious about the temperature outside at the moment. 	weather
Could you share the air quality index for the vicinity in which I am currently located?	weather
What's the weather like?	weather
Is there a chance of thunderstorms this evening?	weather
How much snow accumulation is predicted for the upcoming week?	weather
Is there a preferred time to engage in water sports today considering the weather?	weather
What's the forecast for Tokyo this weekend?	weather
How does the temperature today compare to yesterday's temperature in [location]?	weather
Can you give me an update on the air quality index in my vicinity?	weather
How hot/cold will it be tomorrow in [location]?	weather
What's the weather going to be like for the next several days?	weather
Can you advise if today's weather is favorable for a bike ride?	weather
Is there any chance of rain or thunderstorms in the forecast for today?	weather
Can you tell me the air quality index relevant to my current location?	weather
How much snow accumulation is predicted tomorrow?	weather
Is it recommended to go horseback riding or engage in equestrian activities today given the weather?	weather
How can I protect myself from the sun while still staying cool in hot weather?	weather
How accurate are the weather forecasts for my area, and should I check multiple sources before making plans?	weather
Please inform me about the weather conditions expected at 3 p.m. tomorrow.	weather
Should I dress up for keeping warm in today's weather?	weather
What's the weather like in Sydney today?	weather
What is the current weather condition?	weather
Would it be recommended to go camping today based on the weather forecast?	weather
What is the average temperature for this time of year in [region]?	weather
Is it going to be sunny all day long?	weather
Do you recommend wearing a jacket tomorrow?	weather
Will it rain in Boston tomorrow?	weather
What is the weather today?	weather
Was it raining at 8 AM this morning?	weather
What is the current temperature in New York City?	weather
What's the weather like in Paris at the moment?	weather
Is there any thunderstorm activity in the area this afternoon?	weather
I'd like to know the air quality index for my specific location. 	weather
How does the humidity affect the perceived temperature in [region]?	weather
How many consecutive days of sunshine are expected in the upcoming forecast?	weather
How does today's temperature compare to yesterday's?	weather
Can I expect any changes in weather conditions throughout the day that could impact my outdoor workout?	weather
Can you advise if it's recommended to go fishing today based on the weather forecast?	weather
What is the current temperature in New Delhi?	weather
Is there a chance of snow in the forecast?	weather
Can you advise if today's weather is suitable for a dog walk or pet outing?	weather
How will these weather conditions affect outdoor activities and events planned for the coming five days?	weather
Is it raining outside?	weather
Can you provide information on whether it's suitable for gardening today?	weather
What is the humidity level like in Haifa right now?	weather
What is the weather?	weather
I'm interested in the weather conditions during the evening. Could you tell me more?	weather
Are there any weather warnings or alerts that I should be aware of before planning my outdoor activity?	weather
What's the weather in Barcelona?	weather
Can you give me an update on the weather forecast for tomorrow evening?	weather
Do you know how warm or cold it is outside right now?	weather
What's the current weather in Vancouver?	weather
Is it necessary to invest in high-quality outdoor gear for cold weather in the coming month?	weather
Is it advisable to wear a jacket considering tomorrow's forecast?	weather
What's the weather like for outdoor yoga or exercise classes today?	weather
Can you provide guidance on whether I should bring an umbrella today?	weather
Will it rain today?	weather
Is it raining in London right now?	weather
What is the humidity level projected to be for each day of next week's forecast?	weather
Is it going to rain in Seattle today?	weather
I'm interested in knowing the air quality index pertaining to my immediate surroundings. Could you provide that information?	weather
Did it snow last night?	weather
Should I dress warmly with a jacket tomorrow?	weather
Do I need to be prepared with an umbrella for today's weather?	weather
What's the current weather in London?	weather
Are there any severe weather alerts for Puerto Rico at the moment?	weather
What's the best time to go for an outdoor run in the morning?	weather
Where is it going to rain in the greater NY area today?	weather
Has there been any hail reported in the area today?	weather
What is the wind speed forecast for tomorrow afternoon?	weather
Would it be appropriate to wear a jacket tomorrow given the weather forecast?	weather
What will be the weather at 3 p.m. tomorrow?	weather
Are there any specific times of day when weather conditions are likely to change this week?	weather
How does the humidity affect how hot or cold it feels outside?	weather
Can you provide the weather forecast for the next three days?	weather
Do I need any accessories that can help protect my face from harsh winds or sunburns today?	weather
Do you think it's necessary to wear a jacket tomorrow?	weather
What's the weather forecast for Berlin this weekend?	weather
Is there a chance of snow in Sweden this week?	weather
Is it going to be hot or cold today?	weather
What is the highest/lowest recorded temperature ever in [city/state/country]?	weather
Is it going to snow in Denver next week?	weather
What is the air quality index in my area?	weather
What is the expected temperature range today between 8:00 and 11:00 am?	weather
What's the weather like right now?	weather
Outside temperature.	weather
What is the current temperature in [city]?	weather
Is there a chance of a heatwave or cold snap coming soon?	weather
I'm specifically interested in the weather during the evening hours. 	weather
Will the temperature be consistent throughout the next week?	weather
Can you recommend any dress requirements for the weather these days?	weather
Will it be cloudy in San Francisco tomorrow?	weather
Is there a chance of thunderstorms this weekend?	weather
Is there a chance of thunderstorms during the extended forecast period?	weather
What is the UV index forecast for Riyadh?	weather
What's the weather like today?	weather
How hot did it get yesterday afternoon?	weather
What is the wind speed in San Francisco at the moment?	weather
What is the humidity level projected to be tomorrow afternoon?	weather
Should I consider bringing an umbrella with me today?	weather
Did the wind pick up in the evening yesterday?	weather
How strong are the winds expected to be during the time of my planned outdoor walk?	weather
What is the air quality index like in my location, and how might it affect my outdoor exercise plans?	weather
What's the weather outside?	weather
Should I expect any storms or severe weather in the upcoming week?	weather
What type of hat is best for keeping cool in hot weather while also protecting my face from the sun?	weather
Will it rain at any point during the six hours?	weather
What is the humidity level like today?	weather
It's important for me to know the weather conditions during the evening.	weather
Can you provide insights on whether it's suitable for a beach outing today?	weather
What is the temperature tomorrow?	weather
Can you check if it's snowing in Toronto right now?	weather
What's the forecast for the upcoming weekend?	weather
I'm looking for information about the weather during the evening. Any insights?	weather
How much snowfall is expected in Chicago tomorrow?	weather
Can you provide a summary of the expected weather at 3 p.m. tomorrow?	weather
What is the visibility like in Denver right now due to fog or smog?	weather
Is it ideal for a nature walk considering the weather conditions today?	weather
Could you provide me with the weather conditions during the evening?	weather
Are there any significant weather changes expected in the coming week?	weather
What is the average temperature for this time of year?	weather
What is the UV index for today, and should I take any precautions while being outdoors?	weather
What's the weather in Harbor City, California?	weather